City,State,Old_Bucket,City_Bucket,Final_Population,Instances
UTTAR PRADESH,UTTAR PRADESH,Tier 1,State,199812341,442
TAMIL NADU,TAMIL NADU,Tier 1,State,67900000,49
JHARKHAND,JHARKHAND,Tier 1,State,31900000,517
PUNJAB,PUNJAB,Tier 1,State,30000000,160
HARYANA,HARYANA,Tier 1,State,25351462,1407
BHUBANESWAR,ORISSA,Tier 4,Tier 2,19000000,7808
MUMBAI,MAHARASHTRA,Tier 1,Tier 1,12442373,114368
PARGANAS,#N/A,Tier 6,Tier 3,10009781,37
24 PARGANA NORTH,WEST BENGAL,Tier 1,Tier 3,10000000,151
BANGALORE,KARNATAKA,Tier 1,Tier 1,8436675,256216
BANGALORE B,KARNATAKA,Tier 1,Tier 1,8436675,8222
24 PARGANAS S,WEST BENGAL,Tier 6,Tier 3,8160000,#N/A
24 PARAGANA  SOUTH,WEST BENGAL,Tier 1,Tier 3,8160000,718
HIMACHAL,HIMACHAL PRADESH,Tier 6,State,6864602,144
HYDERABAD,ANDHRA PRADESH,Tier 2,Tier 1,6809970,56069
PASCHIM MIDNAPUR,WEST BENGAL,Tier 6,Tier 3,5913457,454
AHMEDABAD,GUJARAT,Tier 2,Tier 1,5570585,70983
HOOGHLY,WEST BENGAL,Tier 6,Tier 2,5520389,1317
NADIA,WEST BENGAL,Tier 2,Tier 2,5168488,1063
PURBA BARDHAMAN,#N/A,Tier 6,Tier 3,4835532,36
CHENNAI,TAMIL NADU,Tier 2,Tier 1,4681087,105842
KOLKATA,WEST BENGAL,Tier 2,Tier 1,4486679,19306
SURAT,GUJARAT,Tier 2,Tier 2,4467797,45218
MALAPURAM,KERALA,Tier 6,Tier 2,4112920,8
MALDAH,WEST BENGAL,Tier 2,Tier 3,3997970,1171
SARAN,BIHAR,Tier 2,Tier 3,3950000,101
CHAMPARAN,BIHAR,Tier 6,Tier 3,3940000,57
WEST  GODAVARI,ANDHRA PRADESH,Tier 2,Tier 3,3936966,129
BADUAN,UTTAR PRADESH,Tier 6,Tier 4,3681896,10
GANJAM,ORISSA,Tier 2,Tier 3,3520151,712
BIRBHUM,WEST BENGAL,Tier 2,Tier 3,3502387,1449
VAISHALI,JHARKHAND,Tier 3,Tier 3,3495021,497
SHAHRANPUR,UTTARANCHAL,Tier 6,Tier 4,3466382,10
ERNAKULAM,KOOTHATTUKULAM,Tier 2,Tier 3,3279860,1815
PURNEA,BIHAR,Tier 6,Tier 3,3260000,517
BANASKANTHA,GUJARAT,Tier 3,Tier 3,3116045,10804
PUNE,MAHARASHTRA,Tier 1,Tier 1,3115431,76769
JAIPUR,RAJASTHAN,Tier 1,Tier 2,3046163,17369
UTTARDINAJPUR,WEST BENGAL,Tier 6,Tier 4,3007134,80
SHAHJAHANPUR S,#N/A,Tier 6,Tier 4,3000000,463
ROHTAS,BIHAR,Tier 3,Tier 3,2960000,361
PASCHIM BARDHAMAN,WEST BENGAL,Tier 6,Tier 4,2882031,243
NALANDA,BIHAR,Tier 3,Tier 3,2880000,134
SANGLI,MAHARASHTRA,Tier 3,Tier 2,2820575,4035
LUCKNOW,UTTAR PRADESH,Tier 2,Tier 2,2815601,18716
KANPUR,UTTAR PRADESH,Tier 3,Tier 2,2767031,9756
BHOJPUR,BIHAR,Tier 3,Tier 3,2730000,486
RAIGAD,MAHARASHTRA,Tier 6,Tier 4,2635394,1223
BARMER,RAJASTHAN,Tier 3,Tier 3,2604453,706
BULDANA,MAHARASHTRA,Tier 3,Tier 3,2586258,3383
BEED,MAHARASHTRA,Tier 6,Tier 4,2585962,1154
SIDDHARTNAGAR,UTTAR PRADESH,Tier 6,Tier 4,2559297,693
MAYURBHANJA,ORISSA,Tier 6,Tier 4,2519000,701
RANGAREDDY,TELANGANA,Tier 2,Tier 2,2446265,25025
SABARKANTHA,GUJARAT,Tier 6,Tier 4,2427346,13504
NAGPUR,MAHARASHTRA,Tier 2,Tier 2,2405665,23853
AMBEDKAR NAGAR,UTTAR PRADESH,Tier 3,Tier 3,2397888,1242
PANCHMAHAL,GUJARAT,Tier 6,Tier 4,2388267,2075
EAST GODAVARI,ANDHRA PRADESH,Tier 2,Tier 3,2357684,312
BALASORE,ORISSA,Tier 6,Tier 4,2317419,1059
KHEDA,GUJARAT,Tier 3,Tier 3,2298934,1694
EAST SINGHBHUM,JHARKHAND,Tier 6,Tier 4,2291032,67
KHURDA,ORISSA,Tier 6,Tier 4,2250000,118
MAU M,#N/A,Tier 6,Tier 4,2205170,306
DHAR,MADHYA PRADESH,Tier 3,Tier 3,2184672,491
BARODA,GUJARAT,Tier 6,Tier 3,2180000,3355
JHUNJHUNU,RAJASTHAN,Tier 6,Tier 4,2139658,1738
DAHOD,GUJARAT,Tier 6,Tier 3,2126558,2696
KUTCH,GUJARAT,Tier 6,Tier 3,2090313,1704
DAKSHINA KANNADA,KARNATAKA,Tier 3,Tier 3,2089649,19
BANKA,BIHAR,Tier 3,Tier 3,2034763,82
INDORE,MADHYA PRADESH,Tier 3,Tier 2,1960631,27384
PALAMU,JHARKHAND,Tier 3,Tier 3,1936319,69
SONITPUR,ASSAM,Tier 3,Tier 3,1920000,332
KRISHNAGIRI,KARNATAKA,Tier 6,Tier 4,1880000,384
KANNIYAKUMARI,TAMIL NADU,Tier 3,Tier 3,1870000,16
KANYAKUMARI,TAMIL NADU,Tier 6,Tier 4,1870000,78
DHARWAD,KARNATAKA,Tier 3,Tier 2,1847023,2061
JOTIBARAO PHULE NAGAR,UTTAR PRADESH,Tier 6,Tier 4,1840221,47
JALORE,RAJASTHAN,Tier 6,Tier 4,1830151,1171
JAJPUR,ORISSA,Tier 6,Tier 2,1826275,110
GOA,GOA,Tier 4,State,1820000,771
KEONJAR,ORISSA,Tier 6,Tier 4,1820000,79
THANE,MAHARASHTRA,Tier 1,Tier 2,1818872,32176
BHOPAL,MADHYA PRADESH,Tier 3,Tier 2,1795648,9543
KANPUR DEHAT,KANPUR DEHAT,Tier 3,Tier 3,1795092,547
CHHATARPUR,MADHYA PRADESH,Tier 4,Tier 3,1762857,662
CHATTARPUR,MADHYA PRADESH,Tier 6,Tier 3,1760000,40
SURENDRANAGAR,GUJARAT,Tier 3,Tier 3,1755873,3968
CACHAR,ASSAM,Tier 4,Tier 4,1740000,285
VISHAKHAPATNAM,ANDHRA PRADESH,Tier 6,Tier 2,1730000,6445
PIMPRI CHINCHWAD,MAHARASHTRA,Tier 6,Tier 3,1729692,37868
CHINCHWAD,MAHARASHTRA,Tier 6,Tier 4,1729320,295
SANT KABIR NAGAR,UTTAR PRADESH,Tier 4,Tier 4,1715183,284
PURI,ORISSA,Tier 4,Tier 4,1697983,95
PATNA,BIHAR,Tier 2,Tier 2,1684222,16422
DAKSHIN DINAJPUR,WEST BENGAL,Tier 3,Tier 3,1670931,14
VADODARA,GUJARAT,Tier 2,Tier 2,1670806,18845
BOLANGIR,ORISSA,Tier 6,Tier 4,1658000,314
GHAZIABAD,UTTAR PRADESH,Tier 2,Tier 2,1648643,33223
UDHAM SINGH NAGAR,UTTARAKHAND,Tier 6,Tier 3,1648367,1671
GAUTAM BUDH NAGAR,UTTAR PRADESH,Tier 6,Tier 3,1648115,1530
DAUSA,RAJASTHAN,Tier 4,Tier 4,1637226,271
KAIMUR,BIHAR,Tier 6,Tier 4,1630000,124
LUDHIANA,PUNJAB,Tier 2,Tier 2,1618879,10346
KAUSHAMBI,UTTAR PRADESH,Tier 4,Tier 4,1599596,346
HAVERI,KARNATAKA,Tier 4,Tier 4,1597668,523
AGRA,UTTAR PRADESH,Tier 2,Tier 2,1585704,5067
KALAHANDI,ORISSA,Tier 4,Tier 4,1573054,212
MAHAMAYA NAGAR,UTTAR PRADESH,Tier 6,Tier 4,1564708,192
CHITTORGARH,RAJASTHAN,Tier 6,Tier 4,1544392,821
KAMRUP,ASSAM,Tier 3,Tier 3,1520000,3196
KANGRA,HIMACHAL PRADESH,Tier 4,Tier 4,1507223,3112
NASHIK,MAHARASHTRA,Tier 2,Tier 2,1486053,16118
NASIK,MAHARASHTRA,Tier 6,Tier 2,1486053,3765
KARAULI,RAJASTHAN,Tier 4,Tier 4,1458459,190
RANCHI,JHARKHAND,Tier 3,Tier 2,1456528,12906
SONEPAT,HARYANA,Tier 6,Tier 4,1450001,1006
UTTAR KANADA,KARNATAKA,Tier 6,Tier 4,1437169,15
UTTARA KANNADA,KARNATAKA,Tier 4,Tier 4,1437169,6
KANSHIRAM NAGAR,#N/A,Tier 6,Tier 4,1436719,17
FARIDABAD,HARYANA,Tier 3,Tier 2,1414050,40900
JHALAWAR,RAJASTHAN,Tier 4,Tier 4,1411327,272
KASARGOD,KERALA,Tier 6,Tier 3,1390894,169
PONDICHERRY P,TAMIL NADU,Tier 6,Tier 2,1390000,582
KOPPAL,KARNATAKA,Tier 4,Tier 4,1389920,359
DUNGARPUR,RAJASTHAN,Tier 4,Tier 4,1388906,300
BARWANI,MADHYA PRADESH,Tier 4,Tier 4,1385659,195
SEONI S,#N/A,Tier 6,Tier 4,1380000,195
KORAPUT,ORISSA,Tier 4,Tier 4,1376934,526
PANCHSHEEL NAGAR,#N/A,Tier 6,Tier 4,1338211,352
GONDIA,MAHARASHTRA,Tier 6,Tier 4,1322331,970
GODDA,JHARKHAND,Tier 4,Tier 4,1311382,745
MEERUT,UTTAR PRADESH,Tier 2,Tier 2,1305429,4930
RAJKOT,GUJARAT,Tier 2,Tier 2,1286678,32840
KALYAN,MAHARASHTRA,Tier 6,Tier 2,1246381,10782
VASAI,MAHARASHTRA,Tier 6,Tier 2,1246381,5284
GIR SOMNATH,GUJARAT,Tier 6,Tier 4,1217477,414
DHOLPUR,RAJASTHAN,Tier 6,Tier 4,1207293,172
VARANASI,UTTAR PRADESH,Tier 2,Tier 2,1201815,3900
BENARAS,UTTAR PRADESH,Tier 6,Tier 2,1200000,1
BHANDARA,MAHARASHTRA,Tier 4,Tier 4,1198810,924
SRINAGAR,JAMMU & KASHMIR,Tier 4,Tier 2,1180570,6241
HINGOLI,MAHARASHTRA,Tier 4,Tier 4,1178973,353
AURANGABAD,BIHAR,Tier 3,Tier 3,1175116,5737
DHANBAD,JHARKHAND,Tier 3,Tier 2,1162472,8217
PRAKASAM,ANDHRA PRADESH,Tier 2,Tier 2,1147292,1448
JAGAT SINGPUR,ORISSA,Tier 6,Tier 4,1140000,106
AMRITSAR,PUNJAB,Tier 2,Tier 2,1132383,2899
NAVI MUMBAI,MAHARASHTRA,Tier 4,Tier 2,1120547,14179
SHRAVASTI,UTTAR PRADESH,Tier 4,Tier 4,1117361,232
ALLAHABAD,UTTAR PRADESH,Tier 2,Tier 2,1112544,6960
IDUKKI,KERALA,Tier 4,Tier 4,1110000,181
NARSINGHPUR,MADHYA PRADESH,Tier 6,Tier 4,1092141,316
HOWRAH,WEST BENGAL,Tier 4,Tier 2,1077075,1386
GADCHIROLI,MAHARASHTRA,Tier 4,Tier 4,1071795,549
GWALIOR,MADHYA PRADESH,Tier 3,Tier 2,1069276,1377
BHADRADRI,TELANGANA,Tier 6,Tier 4,1069261,191
GADAG,KARNATAKA,Tier 4,Tier 4,1064570,261
SERAIKELA KHARSAWAN,JHARKHAND,Tier 6,Tier 4,1063458,39
JABALPUR,MADHYA PRADESH,Tier 3,Tier 2,1055525,3260
CHANDIGARH UT,HARYANA,Tier 6,Tier 2,1054686,1568
COIMBATORE,TAMIL NADU,Tier 2,Tier 2,1050721,9413
VIJAYAWADA,ANDHRA PRADESH,Tier 4,Tier 2,1034358,4537
JODHPUR,RAJASTHAN,Tier 3,Tier 2,1033918,4201
GUMLA,JHARKHAND,Tier 4,Tier 4,1025656,140
JHABUA,MADHYA PRADESH,Tier 4,Tier 4,1024091,172
CHAMRAJNAGAR,KARNATAKA,Tier 6,Tier 4,1020791,45
CHAMARAJANAGAR,KARNATAKA,Tier 4,Tier 4,1020791,68
MADURAI,TAMIL NADU,Tier 3,Tier 2,1017865,2070
RAIPUR,UTTARANCHAL,Tier 2,Tier 2,1010087,3747
BARAMULA,JAMMU & KASHMIR,Tier 4,Tier 4,1010000,1341
KOTA,UTTAR PRADESH,Tier 3,Tier 3,1001694,1599
MANDI,HIMACHAL PRADESH,Tier 4,Tier 3,999518,3337
S A S NAGAR-MOHALI,#N/A,Tier 6,Tier 4,994628,585
MAHISAGAR,GUJARAT,Tier 6,Tier 4,994624,331
KARBI ANGLONG,ASSAM,Tier 4,Tier 4,965000,123
DISPUR,ASSAM,Tier 6,Tier 4,965000,12
BAKSA,ASSAM,Tier 6,Tier 4,965000,79
KURUKSHETRA,HARYANA,Tier 4,Tier 4,964231,1997
NAYAGARH,ORISSA,Tier 4,Tier 4,962215,57
CHANDIGARH,PUNJAB,Tier 4,Tier 2,960787,14264
TRIVANDRUM,KERALA,Tier 6,Tier 2,958000,1830
GUWAHATI,ASSAM,Tier 4,Tier 2,957352,3520
JHAJJAR,HARYANA,Tier 4,Tier 4,956907,2056
SOLAPUR,MAHARASHTRA,Tier 2,Tier 2,951558,2128
HUBLI,KARNATAKA,Tier 6,Tier 2,944000,544
DARRANG,ASSAM,Tier 3,Tier 3,928000,68
WEST TRIPURA,TRIPURA,Tier 3,Tier 3,917534,4
BARAILY,MADHYA PRADESH,Tier 2,Tier 2,904000,3
PAKUR,JHARKHAND,Tier 6,Tier 4,899200,138
BAREILLY,UTTAR PRADESH,Tier 4,Tier 2,898167,1809
MYSORE,KARNATAKA,Tier 3,Tier 2,893062,5258
ALIGARH,UTTAR PRADESH,Tier 3,Tier 2,889810,2367
MURADABAD,UTTAR PRADESH,Tier 6,Tier 2,887871,78
TIRUPPUR,TAMIL NADU,Tier 5,Tier 2,877778,956
TIRUPUR,KARNATAKA,Tier 6,Tier 3,877700,756
GURGAON,HARYANA,Tier 3,Tier 2,876824,81115
KUPWARA,JAMMU & KASHMIR,Tier 4,Tier 4,875564,493
MORADABAD,UTTAR PRADESH,Tier 2,Tier 2,872575,1240
JALANDHAR,PUNJAB,Tier 3,Tier 2,862196,4059
SINDHUDURGA,MAHARASHTRA,Tier 6,Tier 4,849651,1372
TRICHY,TAMIL NADU,Tier 6,Tier 2,847387,1371
TIRUCHIRAPPALLI,TAMIL NADU,Tier 3,Tier 2,847387,382
BHUBANESHWAR,ORISSA,Tier 4,Tier 2,838000,6698
KEONJHAR,ORISSA,Tier 6,Tier 4,838000,1135
SALEM,TAMIL NADU,Tier 3,Tier 2,831038,1158
EAST KHASI HILLS,MEGHALAYA,Tier 4,Tier 4,824059,315
MANCHERIAL,TELANGANA,Tier 6,Tier 4,807037,367
TAPI,GUJARAT,Tier 6,Tier 4,806489,1681
JALGAON,MAHARASHTRA,Tier 2,Tier 3,798514,3366
PEDDAPALLI,TELANGANA,Tier 6,Tier 4,795332,92
JAMTARA,JHARKHAND,Tier 6,Tier 4,790207,82
MAHABUBABAD,TELANGANA,Tier 6,Tier 4,770170,79
JAYASHANKAR,TELANGANA,Tier 6,Tier 4,769325,66
BUDGAM,JAMMU & KASHMIR,Tier 6,Tier 4,754000,251
THIRUVANANTHAPURAM,KERALA,Tier 2,Tier 2,752490,498
ANUPPUR,MADHYA PRADESH,Tier 6,Tier 4,749521,92
KANKER,CHHATTISGARH,Tier 4,Tier 4,748593,107
BADGAM,JAMMU & KASHMIR,Tier 4,Tier 4,735753,655
NILGIRI,TAMIL NADU,Tier 6,Tier 4,735000,39
NEELAGIRI,TAMIL NADU,Tier 6,Tier 4,735000,7
KANDHAMAL,ORISSA,Tier 4,Tier 4,731952,6
YADADRI,TELANGANA,Tier 6,Tier 4,726465,85
LATEHAR,JHARKHAND,Tier 6,Tier 4,725673,15
BHIWANDI,MAHARASHTRA,Tier 4,Tier 2,711329,61
DINDORI,MADHYA PRADESH,Tier 4,Tier 4,704218,50
SAHARANPUR,UTTAR PRADESH,Tier 3,Tier 3,703345,1292
COCHIN,KERALA,Tier 6,Tier 2,677381,336
JAISALMER,RAJASTHAN,Tier 4,Tier 4,672008,201
GORAKHPUR,UTTAR PRADESH,Tier 2,Tier 2,671048,4111
SURAJPUR,CHHATTISGARH,Tier 6,Tier 4,660280,33
KORIYA,CHHATTISGARH,Tier 4,Tier 4,659039,47
KOREA,CHHATTISGARH,Tier 6,Tier 4,659000,149
BIKANER,RAJASTHAN,Tier 3,Tier 2,647804,723
GUNTUR,ANDHRA PRADESH,Tier 2,Tier 2,647508,2926
AMRAVATI,MAHARASHTRA,Tier 3,Tier 2,646801,3599
WEST GARO HILLS,MEGHALAYA,Tier 4,Tier 4,642923,105
NOIDA,UTTAR PRADESH,Tier 5,Tier 2,642381,30689
JAMSHEDPUR,JHARKHAND,Tier 4,Tier 2,631364,7914
BHILAI,CHHATTISGARH,Tier 4,Tier 2,625697,122
WARANGAL,TELANGANA,Tier 2,Tier 2,615998,2827
CALICUT,KERALA,Tier 6,Tier 2,609000,191
KAZHIKODE,KERALA,Tier 6,Tier 2,609000,8
NUAPADA,ORISSA,Tier 4,Tier 4,606490,80
CUTTACK,ORISSA,Tier 3,Tier 2,606007,2266
FIROZABAD,UTTAR PRADESH,Tier 3,Tier 3,603797,592
KOCHI,KERALA,Tier 4,Tier 2,601574,245
NERUL,MAHARASHTRA,Tier 6,Tier 4,600000,18
FATEHGARH SAHIB,PUNJAB,Tier 4,Tier 4,599814,633
GARIABAND,CHHATTISGARH,Tier 6,Tier 4,597653,6
BHAVNAGAR,GUJARAT,Tier 3,Tier 3,593768,7693
NARMADA,GUJARAT,Tier 4,Tier 4,590379,381
DEHRADUN,UTTARANCHAL,Tier 4,Tier 2,578420,18077
KONDAGAON,CHHATTISGARH,Tier 6,Tier 4,578326,20
GAJAPATI,ORISSA,Tier 4,Tier 4,575880,15
HARDA,MADHYA PRADESH,Tier 5,Tier 4,570302,105
PULWAMA,JAMMU & KASHMIR,Tier 4,Tier 4,570060,798
KOMARAM BHEEM ASIFABAD,TELANGANA,Tier 6,Tier 4,569325,4
DURGAPUR,WEST BENGAL,Tier 4,Tier 2,566937,2564
DURGAPUR WB,WEST BENGAL,Tier 5,Tier 2,566937,267
ASANSOL,WEST BENGAL,Tier 5,Tier 2,564491,2763
KODAGU,KARNATAKA,Tier 4,Tier 4,554519,64
ROURKELA,ORISSA,Tier 5,Tier 2,552734,1996
NANDED,MAHARASHTRA,Tier 3,Tier 2,550564,3341
COORG,KARNATAKA,Tier 6,Tier 4,550000,33
KOLHAPUR,MAHARASHTRA,Tier 2,Tier 2,549283,6031
SIPAHIJALA,TRIPURA,Tier 6,Tier 4,542731,4
AJMER,RAJASTHAN,Tier 3,Tier 2,542580,1431
AKOLA,MAHARASHTRA,Tier 3,Tier 3,537149,3166
DANTEWADA,CHHATTISGARH,Tier 4,Tier 4,533638,146
GULBARGA,KARNATAKA,Tier 2,Tier 2,532031,941
KHUNTI,JHARKHAND,Tier 6,Tier 4,530299,4
SIRMOUR,HIMACHAL PRADESH,Tier 6,Tier 4,529855,1005
JAMNAGAR,GUJARAT,Tier 3,Tier 2,529308,18062
UJJAIN,MADHYA PRADESH,Tier 3,Tier 2,515215,2296
SILIGURI,WEST BENGAL,Tier 5,Tier 2,509709,4498
JHANSI,UTTAR PRADESH,Tier 3,Tier 2,507293,1685
ULHASNAGAR,MAHARASHTRA,Tier 5,Tier 4,506937,35
NARSIMHAPUR,MADHYA PRADESH,Tier 4,Tier 4,503000,2
JAMMU,JAMMU & KASHMIR,Tier 3,Tier 2,502197,6950
NELLORE,ANDHRA PRADESH,Tier 3,Tier 2,499575,2139
MANGALORE,KARNATAKA,Tier 5,Tier 2,499486,3434
BELGAUM,KARNATAKA,Tier 2,Tier 2,488292,1670
SRIPERUMBUDUR,TAMIL NADU,Tier 6,Tier 4,486000,356
CHIRANG,ASSAM,Tier 6,Tier 4,482000,78
AMBATTUR,TAMIL NADU,Tier 5,Tier 4,478134,300
BARDOLI,GUJARAT,Tier 6,Tier 4,476000,3898
TIRUNELVELI,TAMIL NADU,Tier 3,Tier 2,473637,751
THIRUNELVENI,TAMIL NADU,Tier 6,Tier 2,473637,41
MALEGAON,MAHARASHTRA,Tier 5,Tier 4,471006,878
KUKATPALLY,TELANGANA,Tier 6,Tier 3,469325,3211
GAYA,BIHAR,Tier 2,Tier 3,463454,1837
HAMIRPUR,HIMACHAL PRADESH,Tier 5,Tier 2,454293,3714
UDAIPUR,TRIPURA,Tier 3,Tier 3,451735,3247
KAKINADA,ANDHRA PRADESH,Tier 5,Tier 2,443028,1754
KULLU,HIMACHAL PRADESH,Tier 5,Tier 3,437474,3146
CHITTUR,BIHAR,Tier 2,Tier 2,437000,41
DAVANAGERE,KARNATAKA,Tier 3,Tier 3,435128,1760
DAVANGIRI,KARNATAKA,Tier 6,Tier 4,435128,63
SOUTH TRIPURA,TRIPURA,Tier 4,Tier 4,433737,30
KOZHIKODE,KERALA,Tier 3,Tier 2,432097,507
KURNOOL,ANDHRA PRADESH,Tier 2,Tier 2,430214,1857
HANMAKONDA,ANDHRA PRADESH,Tier 6,Tier 4,427303,2
HANUMAKONDA,ANDHRA PRADESH,Tier 6,Tier 4,427000,1
KULGAM,JAMMU & KASHMIR,Tier 6,Tier 4,422786,182
GAJUWAKA,ANDHRA PRADESH,Tier 6,Tier 4,422018,737
BOKARO,JHARKHAND,Tier 3,Tier 2,413934,2392
BOKARO STEEL CITY,JHARKHAND,Tier 6,Tier 4,413934,348
BELLARY,KARNATAKA,Tier 3,Tier 3,409644,1714
DODA,JAMMU & KASHMIR,Tier 4,Tier 4,409576,206
PATIALA,PUNJAB,Tier 3,Tier 3,405164,3485
VASHI,MAHARASHTRA,Tier 6,Tier 4,400000,5329
AGARTALA,TRIPURA,Tier 5,Tier 4,399688,400
BHAGALPUR,BIHAR,Tier 3,Tier 3,398138,1249
MUZAFFARNAGAR,UTTAR PRADESH,Tier 2,Tier 2,392451,40
CHAMOLI,UTTARANCHAL,Tier 5,Tier 4,391114,255
WEST KHASI HILLS,MEGHALAYA,Tier 5,Tier 4,385601,19
BANDIPORA,#N/A,Tier 6,Tier 4,385099,373
MANNARKKAD,KERALA,Tier 6,Tier 4,384393,35
PANIHATI,WEST BENGAL,Tier 5,Tier 4,383522,4
LATUR,MAHARASHTRA,Tier 3,Tier 3,382754,2431
ANDAMAN AND NICOBAR ISLANDS,UNION TERRITORY,Tier 5,Tier 4,379944,30
DHALAI,TRIPURA,Tier 5,Tier 4,377988,32
DHULE,MAHARASHTRA,Tier 3,Tier 3,376093,2542
ROHTAK,HARYANA,Tier 4,Tier 4,373133,3243
SAGAR,MADHYA PRADESH,Tier 3,Tier 3,370296,1390
BADAUN,UTTAR PRADESH,Tier 6,Tier 4,369221,157
BHINMAL,RAJASTHAN,Tier 6,Tier 4,366382,16
KORBA,CHHATTISGARH,Tier 4,Tier 4,363210,490
DASUYA,PUNJAB,Tier 6,Tier 4,360505,24
GARHSHANKER,PUNJAB,Tier 6,Tier 4,360505,14
BHILWARA,RAJASTHAN,Tier 3,Tier 3,360009,1183
BRAHMAPUR,ORISSA,Tier 6,Tier 4,357000,7
JALALABAD,UTTAR PRADESH,Tier 6,Tier 4,356274,46
BERHAMPUR,ORISSA,Tier 5,Tier 4,355823,85
MIRAJ,MAHARASHTRA,Tier 6,Tier 4,355000,8
MUZAFFARPUR,BIHAR,Tier 2,Tier 3,351838,5547
AHMEDNAGAR,MAHARASHTRA,Tier 5,Tier 4,350905,3373
MATHURA,UTTAR PRADESH,Tier 3,Tier 2,349336,1904
KOLLAM,KERALA,Tier 3,Tier 2,349033,1018
BARDHMAN,WEST BENGAL,Tier 1,Tier 3,347016,27
BURDWAN,WEST BENGAL,Tier 6,Tier 4,346639,2440
CUDDAPPAH,ANDHRA PRADESH,Tier 3,Tier 3,345000,80
CUDDAPAH,ANDHRA PRADESH,Tier 6,Tier 4,345000,1120
AVADI,TAMIL NADU,Tier 5,Tier 4,344701,13
DADRA NAGAR HAVELI,GUJARAT,Tier 5,Tier 4,344000,254
DADRA AND NAGAR HAVELI,DADRA & NAGAR HAVELI,Tier 5,Tier 4,343709,287
KADAPA,ANDHRA PRADESH,Tier 5,Tier 4,343054,157
RAJAHMUNDRY,ANDHRA PRADESH,Tier 5,Tier 2,341831,1490
AVINASHI,TAMIL NADU,Tier 6,Tier 4,337923,39
AVANASHI,TAMIL NADU,Tier 6,Tier 4,337923,9
SAMBALPUR,ORISSA,Tier 4,Tier 4,335761,1934
KANGPOKPI,MANIPUR,Tier 6,Tier 4,334000,4
BILASPUR B,#N/A,Tier 5,Tier 3,331030,1220
BILASPUR,HARYANA,Tier 3,Tier 3,330106,1264
SATARA,MAHARASHTRA,Tier 3,Tier 3,326789,2624
BIJAPUR,CHANDIGARH,Tier 3,Tier 2,326360,569
RAMPUR,HIMACHAL PRADESH,Tier 3,Tier 3,325248,307
SHIMOGA,KARNATAKA,Tier 3,Tier 3,322428,1237
CHANDRAPUR,ASSAM,Tier 3,Tier 3,321036,3721
JUNAGADH,GUJARAT,Tier 3,Tier 3,320250,4760
SAMBA,JAMMU & KASHMIR,Tier 6,Tier 4,318611,260
EAST GARO HILLS,MEGHALAYA,Tier 5,Tier 4,317618,37
TRICHUR,KERALA,Tier 6,Tier 4,315957,131
THRISSUR,KERALA,Tier 3,Tier 2,315596,665
ALWAR,RAJASTHAN,Tier 3,Tier 3,315310,1373
REASI,JAMMU & KASHMIR,Tier 6,Tier 4,314714,147
NIZAMABAD,TELANGANA,Tier 3,Tier 3,310467,1119
PARBHANI,MAHARASHTRA,Tier 4,Tier 4,307191,832
TUMKUR,KARNATAKA,Tier 3,Tier 3,305821,2633
KHAMMAM,TELANGANA,Tier 3,Tier 3,305000,1253
HISAR,HARYANA,Tier 3,Tier 3,301249,3053
DODABALLAPUR,KARNATAKA,Tier 6,Tier 4,300000,7
UNAKOTI,TRIPURA,Tier 6,Tier 4,298574,1
GANDERBAL,JAMMU & KASHMIR,Tier 6,Tier 4,297003,180
BIHAR SHARIF,BIHAR,Tier 5,Tier 4,296889,105
PANIPAT,HARYANA,Tier 4,Tier 4,294150,2715
DARBHANGA,BIHAR,Tier 2,Tier 3,294116,3448
AIZAWL,MIZORAM,Tier 5,Tier 4,291822,875
DEWAS,MADHYA PRADESH,Tier 4,Tier 4,289438,887
ICHALKARANJI,MAHARASHTRA,Tier 5,Tier 4,287570,11
TIRUPATI,ANDHRA PRADESH,Tier 5,Tier 2,287482,4478
KARNAL,HARYANA,Tier 4,Tier 4,286974,2338
BATHINDA,PUNJAB,Tier 4,Tier 4,285813,1440
BHATINDA,PUNJAB,Tier 6,Tier 4,285788,506
JALNA,MAHARASHTRA,Tier 3,Tier 3,285349,796
BARASAT,WEST BENGAL,Tier 5,Tier 4,283443,2372
RAMBAN,JAMMU & KASHMIR,Tier 6,Tier 4,283313,53
PURNIA,BIHAR,Tier 3,Tier 3,282248,2310
EAST SIKKIM,SIKKIM,Tier 6,Tier 4,281293,10
BAHADURPURA,#N/A,Tier 6,Tier 4,280258,36
SATNA,MADHYA PRADESH,Tier 3,Tier 3,280248,2425
MAUNATH BHANJAN,UTTAR PRADESH,Tier 6,Tier 4,278745,69
SONIPAT,HARYANA,Tier 4,Tier 4,277053,2948
FARRUKHABAD-CUM-FATEHGARH,UTTAR PRADESH,Tier 6,Tier 4,276581,231
FARUKHABAD,UTTAR PRADESH,Tier 6,Tier 4,276581,160
CHURACHANDPUR,MANIPUR,Tier 5,Tier 4,271274,7
JAINTIA HILLS,MEGHALAYA,Tier 5,Tier 4,270000,153
KHAIRATABAD,TELANGANA,Tier 6,Tier 4,268679,2328
DURG,CHHATTISGARH,Tier 3,Tier 3,268679,879
SHOPIAN,JAMMU & KASHMIR,Tier 6,Tier 4,265960,277
IMPHAL,MANIPUR,Tier 5,Tier 4,264986,362
RATLAM,MADHYA PRADESH,Tier 4,Tier 4,264810,1138
HAPUR,UTTAR PRADESH,Tier 5,Tier 4,262801,651
ANANTAPUR,ANDHRA PRADESH,Tier 2,Tier 2,261004,2276
KARIMNAGAR,TELANGANA,Tier 2,Tier 2,260899,1720
MON,NAGALAND,Tier 5,Tier 4,259604,8
RIBHOI,MEGHALAYA,Tier 6,Tier 4,259000,43
ETAWAH,UTTAR PRADESH,Tier 4,Tier 4,256838,583
BHARATPUR,RAJASTHAN,Tier 3,Tier 3,252109,495
BEGUSARAI,BIHAR,Tier 3,Tier 3,251136,1403
NEW DELHI,DELHI,Tier 5,Tier 1,249998,238700
DELHI MUNICIPAL CORPORATION -U,DELHI,Tier 1,Tier 1,249998,4282
NEW DELHI MUNICIPAL COUNCIL,DELHI,Tier 6,Tier 1,249998,5283
SRIGANGANAGAR,RAJASTHAN,Tier 6,Tier 4,249914,543
SHRIGANGANAGAR,RAJASTHAN,Tier 6,Tier 4,249914,80
SUKMA,#N/A,Tier 6,Tier 4,249000,1
GANDHIDHAM,GUJARAT,Tier 5,Tier 4,248705,486
PONDICHERRY,PONDICHERRY,Tier 4,Tier 2,241773,3686
BISHNUPUR,WEST BENGAL,Tier 5,Tier 4,240363,58
TUTICORIN,TAMIL NADU,Tier 6,Tier 4,237830,374
THOOTHUKKUDI,TAMIL NADU,Tier 6,Tier 4,237830,82
SIKAR,RAJASTHAN,Tier 3,Tier 3,237579,1926
REWA,MADHYA PRADESH,Tier 3,Tier 3,235422,2232
MIRZAPUR,UTTAR PRADESH,Tier 3,Tier 3,233691,533
CANNANORE,KERALA,Tier 6,Tier 4,233000,6
RAICHUR,KARNATAKA,Tier 3,Tier 3,232456,410
KISHTWAR,JAMMU & KASHMIR,Tier 6,Tier 4,230696,51
PALI,CHHATTISGARH,Tier 3,Tier 3,229956,726
RAMAGUNDAM,ANDHRA PRADESH,Tier 5,Tier 4,229644,108
SILCHAR,WEST BENGAL,Tier 5,Tier 4,229136,99
HARIDWAR,UTTARAKHAND,Tier 5,Tier 4,228832,6364
VIZIANAGARAM,ANDHRA PRADESH,Tier 3,Tier 3,228025,805
THE DANGS,GUJARAT,Tier 5,Tier 4,228000,68
SINGROLI,MADHYA PRADESH,Tier 6,Tier 4,227000,35
DANG,GUJARAT,Tier 6,Tier 4,226769,61
TENALI,ANDHRA PRADESH,Tier 5,Tier 4,225982,223
NAGERCOIL,TAMIL NADU,Tier 5,Tier 4,224849,802
GANGANAGAR,RAJASTHAN,Tier 3,Tier 3,224532,46
TANJORE,TAMIL NADU,Tier 6,Tier 4,222943,33
THANJAVUR,TAMIL NADU,Tier 3,Tier 3,222943,442
BULANDSHAHR,UTTAR PRADESH,Tier 5,Tier 4,222519,1717
KATNI,MADHYA PRADESH,Tier 4,Tier 4,221883,878
SAMBHAL,UTTAR PRADESH,Tier 5,Tier 4,220813,153
SINGRAULI,MADHYA PRADESH,Tier 5,Tier 4,220257,260
NADIAD,GUJARAT,Tier 5,Tier 4,218095,2893
SECUNDERABAD,TELANGANA,Tier 5,Tier 4,217910,4150
YAMUNANAGAR,HARYANA,Tier 4,Tier 4,216677,1564
BALLABGARH,HARYANA,Tier 6,Tier 4,214894,10112
PANCHKULA URBAN ESTATE,HARYANA,Tier 6,Tier 4,214894,115
BIDAR,KARNATAKA,Tier 3,Tier 3,214373,198
SECUNDARABAD,ANDHRA PRADESH,Tier 6,Tier 4,214000,172
DIMA HASAO,ASSAM,Tier 6,Tier 4,214000,19
NORTH CACHAR HILLS,ASSAM,Tier 5,Tier 4,214000,#N/A
MUNGER,BIHAR,Tier 4,Tier 4,213303,168
PANCHKULA,HARYANA,Tier 5,Tier 4,211355,2811
BURHANPUR,UTTAR PRADESH,Tier 5,Tier 4,210886,80
KHARAGPUR,BIHAR,Tier 5,Tier 4,207604,167
SRIRUNGAM,TAMIL NADU,Tier 6,Tier 4,207494,67
DINDIGUL,TAMIL NADU,Tier 3,Tier 3,207327,362
GANDHINAGAR,GUJARAT,Tier 4,Tier 4,206167,15636
HOSPET,KARNATAKA,Tier 5,Tier 4,206167,1074
ONGOLE,ANDHRA PRADESH,Tier 5,Tier 4,204746,398
ELURU,ANDHRA PRADESH,Tier 5,Tier 4,203780,738
DEOGHAR,JHARKHAND,Tier 5,Tier 4,203123,810
CHAPRA,BIHAR,Tier 5,Tier 4,202352,341
HALDIA,WEST BENGAL,Tier 5,Tier 4,200827,27
KHANDWA,MADHYA PRADESH,Tier 5,Tier 4,200738,265
SALT LAKE,UNITED STATES OF AMERICA,Tier 6,Tier 4,200567,246
NANDYAL,ANDHRA PRADESH,Tier 5,Tier 4,200516,477
MORENA,MADHYA PRADESH,Tier 3,Tier 3,200482,138
KARIKAL,TAMIL NADU,Tier 6,Tier 4,200222,7
GULAH,#N/A,Tier 6,Tier 4,200000,19
AMROHA,UTTAR PRADESH,Tier 5,Tier 4,198471,298
ANAND,GUJARAT,Tier 3,Tier 3,198282,6377
BHIND,MADHYA PRADESH,Tier 4,Tier 4,197585,142
BEMETARA,CHHATTISGARH,Tier 6,Tier 4,197035,13
BHIWANI,HARYANA,Tier 4,Tier 4,196057,2072
BAHARAMPUR,WEST BENGAL,Tier 6,Tier 4,195223,13
BERHAMPORE,WEST BENGAL,Tier 5,Tier 4,195223,34
AMBALA A,HARYANA,Tier 5,Tier 4,195153,831
AMBALA CITY,HARYANA,Tier 5,Tier 4,195153,1603
AMBALA CANTT AC,HARYANA,Tier 5,Tier 4,195153,340
AMBALA-1,HARYANA,Tier 5,Tier 4,195153,1409
MORBI,GUJARAT,Tier 5,Tier 4,194947,3066
FATEHPUR,HIMACHAL PRADESH,Tier 3,Tier 3,193193,721
KUTTANAD,#N/A,Tier 6,Tier 4,193007,4
RAEBARELI,#N/A,Tier 5,Tier 4,191316,676
RAI BARELI,UTTAR PRADESH,Tier 6,Tier 4,191000,462
BHUSAWAL,MAHARASHTRA,Tier 5,Tier 4,187421,10
ORAI,UTTAR PRADESH,Tier 5,Tier 4,187137,65
BAHRAICH,UTTAR PRADESH,Tier 3,Tier 3,186223,654
BAHARAICH,UTTAR PRADESH,Tier 5,Tier 4,186000,12
VELLORE,TAMIL NADU,Tier 2,Tier 2,185803,2046
RAIGARH R,CHHATTISGARH,Tier 6,Tier 4,185000,389
KAMPUR TOWN,ASSAM,Tier 6,Tier 4,185000,40
MEHSANA,GUJARAT,Tier 5,Tier 4,184991,12024
MAHESANA,GUJARAT,Tier 3,Tier 3,184991,2154
RAIGANJ,WEST BENGAL,Tier 5,Tier 4,183612,262
RAIGUNJ,WEST BENGAL,Tier 6,Tier 4,183612,17
UKHRUL,MANIPUR,Tier 5,Tier 4,183115,1
SIRSA,HARYANA,Tier 4,Tier 4,182534,896
GUNA,MADHYA PRADESH,Tier 3,Tier 3,180935,407
JAUNPUR,UTTAR PRADESH,Tier 2,Tier 2,180362,2047
PANVEL,MAHARASHTRA,Tier 5,Tier 4,180020,11673
SHIVPURI,MADHYA PRADESH,Tier 4,Tier 4,179977,212
UNNAO,UTTAR PRADESH,Tier 3,Tier 3,177658,904
CHINSURAH,WEST BENGAL,Tier 5,Tier 4,177259,36
SITAPUR,UTTAR PRADESH,Tier 2,Tier 2,177234,282
KOTDWARA,UTTARANCHAL,Tier 6,Tier 4,175232,197
TAMBARAM,TAMIL NADU,Tier 6,Tier 4,174787,2080
COOCHBEHAR,WEST BENGAL,Tier 6,Tier 4,174226,1784
BARRACKPORE,WEST BENGAL,Tier 6,Tier 4,174226,1659
MIDNAPORE,WEST BENGAL,Tier 6,Tier 4,174226,194
BADLAPUR,MAHARASHTRA,Tier 6,Tier 4,174226,19
ALAPUZHA,KERALA,Tier 3,Tier 3,174176,38
ALAPPUZHA,KERALA,Tier 5,Tier 4,174164,225
ALLEPPEY,KERALA,Tier 6,Tier 4,174164,58
CUDDALORE,TAMIL NADU,Tier 3,Tier 3,173636,439
KOTTAYAM,KERALA,Tier 3,Tier 2,172878,922
SOUTH WEST GARO HILLS,MEGHALAYA,Tier 6,Tier 4,172495,6
BAHADURGARH,HARYANA,Tier 6,Tier 4,170767,3359
MACHILIPATNAM,ANDHRA PRADESH,Tier 5,Tier 4,169892,290
SHIMLA,HIMACHAL PRADESH,Tier 4,Tier 2,169578,5198
BHARUCH,GUJARAT,Tier 4,Tier 4,169007,7125
HOSHIARPUR,PUNJAB,Tier 4,Tier 3,168653,2200
JIND,HARYANA,Tier 4,Tier 4,167592,1019
CHANDANNAGAR,WEST BENGAL,Tier 6,Tier 4,166867,3
ADONI,ANDHRA PRADESH,Tier 5,Tier 4,166537,129
UDUPI,KARNATAKA,Tier 4,Tier 4,165401,1039
TONK,RAJASTHAN,Tier 4,Tier 4,165294,355
KATIHAR,BIHAR,Tier 3,Tier 3,164937,284
KANCHEEPURAM,TAMIL NADU,Tier 3,Tier 3,164384,2794
SINGAMPUNERI,TAMIL NADU,Tier 6,Tier 4,164150,19
PRODDATUR,ANDHRA PRADESH,Tier 5,Tier 4,163600,626
PHEK,NAGALAND,Tier 5,Tier 4,163294,2
RAJNANDGAON,CHHATTISGARH,Tier 4,Tier 4,163114,164
NAVSARI,GUJARAT,Tier 4,Tier 4,160941,5125
BUDAUN,UTTAR PRADESH,Tier 2,Tier 2,159285,129
DALTONGANJ,JHARKHAND,Tier 6,Tier 4,158910,246
MAHBUBNAGAR,TELANGANA,Tier 2,Tier 2,158000,1020
ERODE,TAMIL NADU,Tier 3,Tier 2,157101,1056
BATALA,PUNJAB,Tier 6,Tier 4,156619,146
SAHARSA,BIHAR,Tier 3,Tier 3,156540,272
HALDWANI,UTTARANCHAL,Tier 6,Tier 3,156078,1017
PATANCHERU,TELANGANA,Tier 6,Tier 4,156078,445
HALDWANI-CUM-KATHGODAM,UTTARANCHAL,Tier 6,Tier 4,156060,49
VIDISHA,MADHYA PRADESH,Tier 4,Tier 4,155951,345
VERAVAL,GUJARAT,Tier 6,Tier 4,154636,349
BANDA,MADHYA PRADESH,Tier 3,Tier 3,154428,519
DIBRUGARH,ASSAM,Tier 4,Tier 4,154296,656
JORHAT,ASSAM,Tier 4,Tier 4,153889,1221
CHITTOOR,ANDHRA PRADESH,Tier 5,Tier 4,153756,1016
HAZARIBAGH,JHARKHAND,Tier 3,Tier 3,153599,1987
KRISHNANAGAR,WEST BENGAL,Tier 6,Tier 4,153062,52
KHERI,UTTAR PRADESH,Tier 2,Tier 2,152000,169
LAKHIMPUR,UTTAR PRADESH,Tier 4,Tier 4,151993,284
HINDUPUR,ANDHRA PRADESH,Tier 5,Tier 4,151835,224
PORBANDAR,GUJARAT,Tier 4,Tier 4,151770,3085
BALURGHAT,WEST BENGAL,Tier 6,Tier 4,151416,87
MOGA,PUNJAB,Tier 4,Tier 4,150411,583
MEDINIPUR,WEST BENGAL,Tier 1,Tier 4,149769,766
PATHANKOT,PUNJAB,Tier 6,Tier 4,148937,851
NAGAON,ASSAM,Tier 3,Tier 3,148496,804
CHANGLANG,ARUNACHAL PRADESH,Tier 5,Tier 4,148226,9
HAJIPUR,PUNJAB,Tier 5,Tier 4,147688,1458
HAJIRPUR,UTTAR PRADESH,Tier 6,Tier 4,147688,2
BARABANKI,UTTAR PRADESH,Tier 3,Tier 3,147550,582
LEH,LADAKH,Tier 6,Tier 4,147104,#N/A
SOUTH SIKKIM,SIKKIM,Tier 6,Tier 4,146742,33
MOHALI,PUNJAB,Tier 6,Tier 3,146213,2146
BEAWAR,RAJASTHAN,Tier 6,Tier 4,145504,133
ABOHAR,PUNJAB,Tier 6,Tier 4,145302,63
TIRUVANNAMALAI,TAMIL NADU,Tier 6,Tier 2,145278,501
KAITHAL,HARYANA,Tier 4,Tier 4,144915,1299
MALLAPALLY,#N/A,Tier 6,Tier 4,143677,60
GODHRA,GUJARAT,Tier 6,Tier 4,143644,2943
GIRIDIH,JHARKHAND,Tier 3,Tier 3,143529,570
KARGIL,LADAKH,Tier 5,Tier 4,143388,166
BHUJ,GUJARAT,Tier 6,Tier 4,143286,12404
SHILLONG,MEGHALAYA,Tier 6,Tier 4,143229,2489
REWARI,HARYANA,Tier 4,Tier 4,143021,3576
SOUTH GARO HILLS,MEGHALAYA,Tier 5,Tier 4,142574,23
BHIMAVARAM,ANDHRA PRADESH,Tier 6,Tier 4,142280,538
BHEEMAVARAM,ANDHRA PRADESH,Tier 5,Tier 4,142000,11
MANDSAUR,MADHYA PRADESH,Tier 4,Tier 4,141667,354
CHITRADURGA,KARNATAKA,Tier 3,Tier 3,140206,393
NARAYANPUR,CHHATTISGARH,Tier 6,Tier 4,140206,1
KUMBAKONAM,TAMIL NADU,Tier 5,Tier 4,140056,160
BONGAIGAON,ASSAM,Tier 4,Tier 4,139650,247
KOLAR,KARNATAKA,Tier 3,Tier 3,138462,743
CHHINDWARA,MADHYA PRADESH,Tier 3,Tier 3,138291,968
BANKURA,WEST BENGAL,Tier 2,Tier 2,137386,927
MANDYA,KARNATAKA,Tier 3,Tier 3,137358,488
DEHRI,BIHAR,Tier 5,Tier 4,137231,51
RAIGARH,CHHATTISGARH,Tier 4,Tier 4,137126,529
WEST SIKKIM,SIKKIM,Tier 6,Tier 4,136299,15
NALGONDA,TELANGANA,Tier 2,Tier 2,135744,1389
MADANAPALLE,ANDHRA PRADESH,Tier 5,Tier 4,135669,179
HATHRAS,UTTAR PRADESH,Tier 4,Tier 4,135594,684
MALERKOTLA,PUNJAB,Tier 6,Tier 4,135424,26
SIWAN,BIHAR,Tier 3,Tier 3,135066,729
HASSAN,KARNATAKA,Tier 3,Tier 3,133436,865
LALITPUR,UTTAR PRADESH,Tier 4,Tier 4,133305,199
GONDIYA,MAHARASHTRA,Tier 4,Tier 4,132813,184
RAMGARH,JHARKHAND,Tier 5,Tier 4,132441,57
BETTIAH,BIHAR,Tier 5,Tier 4,132209,530
PALAKKAD,KERALA,Tier 3,Tier 2,130955,448
PALGHAT,KERALA,Tier 6,Tier 4,130955,20
RAJAPALAYAM,TAMIL NADU,Tier 6,Tier 4,130442,9
BOTAD,GUJARAT,Tier 6,Tier 4,130327,281
MODINAGAR,UTTAR PRADESH,Tier 6,Tier 4,130325,5
DEORIA,UTTAR PRADESH,Tier 3,Tier 3,129479,1346
RANIGANJ,WEST BENGAL,Tier 6,Tier 4,129441,5
PALWAL,HARYANA,Tier 6,Tier 4,128730,5757
KHANNA,PUNJAB,Tier 6,Tier 4,128137,53
NEEMUCH,MADHYA PRADESH,Tier 4,Tier 4,128095,269
PILIBHIT,UTTAR PRADESH,Tier 3,Tier 3,127988,140
BHADRA,RAJASTHAN,Tier 4,Tier 4,127000,2
HARDOI,UTTAR PRADESH,Tier 2,Tier 2,126851,583
TINSUKIA,ASSAM,Tier 4,Tier 4,126389,336
MOTIHARI,BIHAR,Tier 5,Tier 4,126158,1152
DHAULPUR,RAJASTHAN,Tier 4,Tier 4,125989,5
SRIKAKULAM,ANDHRA PRADESH,Tier 3,Tier 3,125939,621
PATAN,MADHYA PRADESH,Tier 4,Tier 4,125497,4279
JAGDALPUR,CHHATTISGARH,Tier 6,Tier 4,125463,142
CHAMPHAI,MIZORAM,Tier 5,Tier 4,125370,12
BASIRHAT,WEST BENGAL,Tier 6,Tier 4,125254,2
DAMOH,MADHYA PRADESH,Tier 4,Tier 4,125101,288
JAGADHRI,HARYANA,Tier 6,Tier 4,124894,579
JANGIPUR,WEST BENGAL,Tier 6,Tier 4,122875,285
DIMAPUR,NAGALAND,Tier 5,Tier 4,122834,174
EAST JAINTIA HILLS,MEGHALAYA,Tier 6,Tier 4,122436,6
PALANPUR,GUJARAT,Tier 6,Tier 4,122344,3565
DHARMAVARAM,ANDHRA PRADESH,Tier 5,Tier 4,121874,3
KASHIPUR,UTTAR PRADESH,Tier 6,Tier 4,121623,384
SAWAI MADHOPUR,RAJASTHAN,Tier 4,Tier 4,121106,294
PURULIYA,WEST BENGAL,Tier 3,Tier 2,121067,579
MAINPURI,UTTAR PRADESH,Tier 3,Tier 3,120400,636
KANCHRAPARA,WEST BENGAL,Tier 6,Tier 4,120345,1
SUNDERNAGAR,HIMACHAL PRADESH,Tier 6,Tier 4,120000,186
JOGINDARNAGAR,HIMACHAL PRADESH,Tier 6,Tier 4,120000,41
CHURU,RAJASTHAN,Tier 3,Tier 3,119856,700
DARJILING,WEST BENGAL,Tier 3,Tier 3,118805,260
ETAH,UTTAR PRADESH,Tier 3,Tier 3,118517,408
CHIKMAGALUR,KARNATAKA,Tier 4,Tier 4,118401,585
NORTH GARO HILLS,MEGHALAYA,Tier 6,Tier 4,118325,12
ROORKEE,UTTARANCHAL,Tier 6,Tier 3,118200,1227
GUDIVADA,ANDHRA PRADESH,Tier 5,Tier 4,118167,331
BARAN,RAJASTHAN,Tier 4,Tier 4,117992,114
HOSHANGABAD,MADHYA PRADESH,Tier 4,Tier 4,117988,219
PHAGWARA,PUNJAB,Tier 5,Tier 4,117966,125
PUDUKKOTTAI,TAMIL NADU,Tier 4,Tier 4,117745,292
LAWNGTLAI,MIZORAM,Tier 5,Tier 4,117444,4
ADILABAD,TELANGANA,Tier 3,Tier 3,117167,441
HOSUR,TAMIL NADU,Tier 5,Tier 3,116821,1703
YAVATMAL,MAHARASHTRA,Tier 3,Tier 3,116551,4060
BARNALA,PUNJAB,Tier 6,Tier 4,116449,303
CHITTAURGARH,RAJASTHAN,Tier 3,Tier 3,116406,139
DELHI CANTT DC,#N/A,Tier 1,Tier 1,116352,1925
NARASARAOPET,ANDHRA PRADESH,Tier 5,Tier 4,116250,349
SURYAPET,TELANGANA,Tier 5,Tier 4,115250,149
BIJNOR,UTTAR PRADESH,Tier 2,Tier 2,115000,873
BASTI,UTTAR PRADESH,Tier 3,Tier 3,114657,991
VALSAD,GUJARAT,Tier 4,Tier 4,114636,9450
KOTHAMANGALAM,KERALA,Tier 6,Tier 4,114574,94
GONDA,UTTAR PRADESH,Tier 3,Tier 3,114046,1487
JAWALI,#N/A,Tier 6,Tier 4,112746,98
AMBIKAPUR,CHHATTISGARH,Tier 6,Tier 4,112449,1172
WEST SIANG,ARUNACHAL PRADESH,Tier 5,Tier 4,112274,9
GONDAL,GUJARAT,Tier 6,Tier 4,112197,20
TIRAP,ARUNACHAL PRADESH,Tier 5,Tier 4,111975,3
BAGALKOT,KARNATAKA,Tier 3,Tier 3,111933,723
OSMANABAD,MAHARASHTRA,Tier 4,Tier 4,111825,943
AKBARPUR,UTTAR PRADESH,Tier 6,Tier 4,111447,30
DEESA,GUJARAT,Tier 6,Tier 4,111160,42
NANDURBAR,MAHARASHTRA,Tier 4,Tier 4,111037,1348
AZAMGARH,UTTAR PRADESH,Tier 2,Tier 2,110983,1470
GHAZIPUR,UTTAR PRADESH,Tier 2,Tier 2,110587,890
FEROZEPUR,PUNJAB,Tier 6,Tier 4,110313,301
FEROZPUR,PUNJAB,Tier 6,Tier 4,110313,164
BABA BAKALA,PUNJAB,Tier 6,Tier 4,110313,12
SOUTH WEST KHASI HILLS,MEGHALAYA,Tier 6,Tier 4,110152,5
MIRYALGUDA,ANDHRA PRADESH,Tier 6,Tier 4,110000,245
BARIPADA,ORISSA,Tier 6,Tier 4,109743,61
MUGHALSARAI,UTTAR PRADESH,Tier 6,Tier 4,109650,1
ANANTNAG,JAMMU & KASHMIR,Tier 6,Tier 4,109433,927
KHOPOLI,MAHARASHTRA,Tier 6,Tier 4,108648,12
USMANABAD,MAHARASHTRA,Tier 6,Tier 4,108648,43
BANGAON,WEST BENGAL,Tier 6,Tier 4,108648,8
TADIPATRI,ANDHRA PRADESH,Tier 5,Tier 4,108171,56
BHADRAK,ORISSA,Tier 6,Tier 4,107463,206
JALPAIGURI,WEST BENGAL,Tier 2,Tier 2,107341,397
KARAIKKUDI,TAMIL NADU,Tier 6,Tier 4,106714,81
KHARGONE,MADHYA PRADESH,Tier 6,Tier 4,106454,315
WARDHA,MAHARASHTRA,Tier 4,Tier 4,106444,1811
KISHANGANJ,BIHAR,Tier 4,Tier 4,105782,386
NEYVELI,TAMIL NADU,Tier 6,Tier 4,105731,108
AMRELI,GUJARAT,Tier 4,Tier 4,105573,2324
GANGAWATI,KARNATAKA,Tier 6,Tier 4,105529,16
BHIWADI,RAJASTHAN,Tier 4,Tier 4,104921,488
BALLIA,UTTAR PRADESH,Tier 3,Tier 3,104271,588
KAVALI,ANDHRA PRADESH,Tier 5,Tier 4,104000,73
TADEPALLIGUDEM,ANDHRA PRADESH,Tier 5,Tier 4,103906,209
BETUL,MADHYA PRADESH,Tier 4,Tier 4,103330,675
BUNDI,RAJASTHAN,Tier 4,Tier 4,103286,229
JEHANABAD,BIHAR,Tier 3,Tier 3,103202,46
NAGAPATTINAM,TAMIL NADU,Tier 4,Tier 4,102905,156
NAGAUR,RAJASTHAN,Tier 3,Tier 3,102872,752
BUXAR,BIHAR,Tier 4,Tier 4,102861,130
TEZPUR,ASSAM,Tier 5,Tier 4,102505,194
TEJPUR,ASSAM,Tier 6,Tier 4,102505,5
MARKAPURAM,ANDHRA PRADESH,Tier 6,Tier 4,102000,135
CHILAKALURIPET,ANDHRA PRADESH,Tier 6,Tier 4,101398,2
KASGANJ,UTTAR PRADESH,Tier 6,Tier 4,101277,116
PORTBLAIR,#N/A,Tier 6,Tier 4,100608,113
KALYANI,WEST BENGAL,Tier 6,Tier 4,100575,141
GANGTOK,SIKKIM,Tier 6,Tier 4,100286,550
DATIA,MADHYA PRADESH,Tier 4,Tier 4,100284,62
TIRUR,KERALA,Tier 5,Tier 4,100058,167
MALAPPURAM,KARNATAKA,Tier 2,Tier 2,100000,405
RANEBENNUR,KARNATAKA,Tier 6,Tier 4,100000,47
VASCODAGAMA,GOA,Tier 6,Tier 4,100000,1312
PORT BLAIR S O,#N/A,Tier 6,Tier 4,100000,26
LAKHISARAI,BIHAR,Tier 4,Tier 4,99979,81
BANSWARA,RAJASTHAN,Tier 3,Tier 3,99969,312
KOHIMA,NAGALAND,Tier 5,Tier 4,99039,78
KAPURTHALA,PUNJAB,Tier 4,Tier 4,98916,593
NAWADA,BIHAR,Tier 3,Tier 3,98029,85
SILVASSA,GUJARAT,Tier 6,Tier 4,98000,3623
JHARSUGUDA,ORISSA,Tier 4,Tier 4,97730,1108
GADWAL,TELANGANA,Tier 5,Tier 4,96877,69
JAGTIAL,TELANGANA,Tier 5,Tier 4,96470,125
VILLUPURAM,TAMIL NADU,Tier 6,Tier 4,96253,243
VILUPPURAM,TAMIL NADU,Tier 3,Tier 3,96253,8
BANNERGHATTA,KARNATAKA,Tier 6,Tier 4,96000,883
ZIRAKPUR,PUNJAB,Tier 5,Tier 4,95553,36
TIRUCHENGODE,TAMIL NADU,Tier 5,Tier 4,95335,459
MAHOBA,UTTAR PRADESH,Tier 4,Tier 4,95216,498
RAMNAGAR R,#N/A,Tier 6,Tier 4,95167,27
VANIYAMBADI,TAMIL NADU,Tier 5,Tier 4,95061,124
KOVILPATTI,TAMIL NADU,Tier 6,Tier 4,95057,45
NAMSAI,ARUNACHAL PRADESH,Tier 6,Tier 4,95000,10
BHADOHI,UTTAR PRADESH,Tier 6,Tier 4,94620,367
THENI ALLINAGARAM,TAMIL NADU,Tier 5,Tier 4,94453,143
MARGAO,GOA,Tier 5,Tier 4,94383,2630
KHAMGAON,MAHARASHTRA,Tier 6,Tier 4,94191,4
KARSOG,HIMACHAL PRADESH,Tier 6,Tier 4,93126,38
THALASSERY,KERALA,Tier 6,Tier 4,92558,314
TRIPUNITHURA,KERALA,Tier 6,Tier 4,92522,166
THRIPUNITHURA,#N/A,Tier 6,Tier 4,92522,74
SEHORE,MADHYA PRADESH,Tier 4,Tier 4,92518,141
CONTAI,WEST BENGAL,Tier 6,Tier 4,92226,318
KURUNG KUMEY,ARUNACHAL PRADESH,Tier 6,Tier 4,92076,2
KOTKAPURA,PUNJAB,Tier 6,Tier 4,91979,7
MAKRANA,RAJASTHAN,Tier 5,Tier 4,91853,1
GUDIYATHAM,TAMIL NADU,Tier 6,Tier 4,91558,119
PANDHARPUR,MAHARASHTRA,Tier 5,Tier 4,91379,3
KALPETTA,KERALA,Tier 6,Tier 4,90491,16
POLLACHI,TAMIL NADU,Tier 6,Tier 4,90180,506
SHAMLI,UTTAR PRADESH,Tier 5,Tier 4,90055,218
BIAORA,MADHYA PRADESH,Tier 6,Tier 4,89100,1
BAIL HONGAL,KARNATAKA,Tier 6,Tier 4,89000,122
SHRIRAMPUR,MAHARASHTRA,Tier 5,Tier 4,88761,1280
NAJIBABAD,UTTAR PRADESH,Tier 5,Tier 4,88535,3
NIRMAL,TELANGANA,Tier 5,Tier 4,88433,95
OOTY,TAMIL NADU,Tier 6,Tier 4,88430,140
UDHAGAMANDALAM,TAMIL NADU,Tier 5,Tier 4,88430,163
BAIJNATH,HIMACHAL PRADESH,Tier 6,Tier 4,88267,96
MARGAON,GOA,Tier 6,Tier 4,88000,1476
AURAIYA,UTTAR PRADESH,Tier 4,Tier 4,87736,509
ARUPPUKKOTTAI,TAMIL NADU,Tier 5,Tier 4,87722,11
PONNANI,KERALA,Tier 5,Tier 4,87495,84
JAMUI,BIHAR,Tier 4,Tier 4,87357,21
SITAMARHI,BIHAR,Tier 3,Tier 3,87279,186
CHIRALA,ANDHRA PRADESH,Tier 5,Tier 4,87200,138
ANJAR,GUJARAT,Tier 5,Tier 4,87183,28
KARAIKAL,PONDICHERRY,Tier 5,Tier 4,86838,133
HANSI,HARYANA,Tier 5,Tier 4,86770,376
ANAKAPALLE,ANDHRA PRADESH,Tier 5,Tier 4,86519,556
SEONI MALWA,MADHYA PRADESH,Tier 6,Tier 4,86175,24
MAMIT,MIZORAM,Tier 5,Tier 4,85757,17
MAHASAMUND,CHHATTISGARH,Tier 4,Tier 4,85650,73
MAYILADUTHURAI,TAMIL NADU,Tier 6,Tier 4,85632,84
MHOW,MADHYA PRADESH,Tier 6,Tier 4,85500,21
FARIDKOT,PUNJAB,Tier 4,Tier 4,85435,541
KANNAUJ,UTTAR PRADESH,Tier 4,Tier 4,84862,588
PARAMAKUDI,TAMIL NADU,Tier 5,Tier 4,84321,16
KINNAUR,HIMACHAL PRADESH,Tier 5,Tier 4,84298,367
BALAGHAT,MADHYA PRADESH,Tier 4,Tier 4,84261,360
WEST KAMENG,ARUNACHAL PRADESH,Tier 5,Tier 4,83947,14
MUKTSAR,PUNJAB,Tier 4,Tier 4,83655,498
UPPER SUBANSIRI,ARUNACHAL PRADESH,Tier 5,Tier 4,83448,7
KOLASIB,MIZORAM,Tier 5,Tier 4,83054,18
RAJPURA,PUNJAB,Tier 5,Tier 4,82956,97
DHAMTARI,#N/A,Tier 4,Tier 4,82111,148
ASHOK NAGAR,MADHYA PRADESH,Tier 5,Tier 4,81828,231
HIMATNAGAR,GUJARAT,Tier 5,Tier 4,81137,3018
BALRAMPUR,UTTAR PRADESH,Tier 3,Tier 3,81054,1349
BARGARH,ORISSA,Tier 4,Tier 4,80625,595
KAMAREDDY,TELANGANA,Tier 5,Tier 4,80315,157
BOLPUR,WEST BENGAL,Tier 6,Tier 4,80210,297
SAHIBGANJ,JHARKHAND,Tier 4,Tier 4,80154,173
KOTHAGUDEM,TELANGANA,Tier 5,Tier 4,79819,111
RAMANAGARAM,KARNATAKA,Tier 5,Tier 4,79394,384
GOKAK,KARNATAKA,Tier 5,Tier 4,79121,252
TIKAMGARH,MADHYA PRADESH,Tier 4,Tier 4,79106,529
ARARIA,BIHAR,Tier 3,Tier 3,79021,389
RISHIKESH,UTTARANCHAL,Tier 5,Tier 4,78805,641
EAST KAMENG,ARUNACHAL PRADESH,Tier 5,Tier 4,78690,1
SHAHDOL,MADHYA PRADESH,Tier 3,Tier 3,78624,213
ARAKKONAM,TAMIL NADU,Tier 5,Tier 4,78395,94
WASHIM,MAHARASHTRA,Tier 4,Tier 4,78387,550
SANGRUR,PUNJAB,Tier 3,Tier 3,77989,1044
GURUDASPUR,PUNJAB,Tier 6,Tier 4,77928,53
BODHAN,ANDHRA PRADESH,Tier 5,Tier 4,77553,20
KARWAR,KARNATAKA,Tier 6,Tier 4,77139,201
FAZILKA,PUNJAB,Tier 5,Tier 4,76492,276
GURDASPUR,PUNJAB,Tier 3,Tier 3,75549,874
VADAKARA,KERALA,Tier 6,Tier 4,75295,127
VATAKARA,KERALA,Tier 5,Tier 4,75295,27
TURA,MEGHALAYA,Tier 5,Tier 4,74858,89
AMBAJOGAI,MAHARASHTRA,Tier 5,Tier 4,74855,278
NARNAUL,HARYANA,Tier 5,Tier 4,74581,1027
BALOTRA,RAJASTHAN,Tier 6,Tier 4,74496,120
KHARAR,PUNJAB,Tier 5,Tier 4,74460,41
KARAD,MAHARASHTRA,Tier 6,Tier 4,74355,564
YADGIR,KARNATAKA,Tier 5,Tier 4,74294,155
AMBEJOGAI,MAHARASHTRA,Tier 6,Tier 4,73975,274
ANKLESHWAR,GUJARAT,Tier 5,Tier 4,73928,91
SAVARKUNDLA,GUJARAT,Tier 5,Tier 4,73774,3
VIRUDHACHALAM,TAMIL NADU,Tier 5,Tier 4,73585,49
KANHANGAD,KERALA,Tier 5,Tier 4,73342,200
KADI,GUJARAT,Tier 5,Tier 4,73228,12
SRIVILLIPUTHUR,TAMIL NADU,Tier 5,Tier 4,73183,61
MANDIGOBINDGARH,PUNJAB,Tier 6,Tier 4,73130,11
TINDIVANAM,TAMIL NADU,Tier 5,Tier 4,72796,76
MANSA,PUNJAB,Tier 4,Tier 4,72627,265
TALIPARAMBA,KERALA,Tier 5,Tier 4,72465,221
HODAL,HARYANA,Tier 6,Tier 4,72450,1252
TANUKU,ANDHRA PRADESH,Tier 5,Tier 4,72348,149
VIRUDHUNAGAR,TAMIL NADU,Tier 3,Tier 3,72296,206
KUMARAPALAYAM,TAMIL NADU,Tier 6,Tier 4,72000,9
KOYILANDY,KERALA,Tier 5,Tier 4,71873,91
QUILANDY,KERALA,Tier 6,Tier 4,71873,19
SIVAKASI,TAMIL NADU,Tier 6,Tier 4,71040,68
KARUR,TAMIL NADU,Tier 5,Tier 4,70980,393
NEYYATTINKARA,KERALA,Tier 5,Tier 4,70850,135
FATEHABAD,HARYANA,Tier 4,Tier 4,70777,1172
BAPATLA,ANDHRA PRADESH,Tier 5,Tier 4,70777,7
MALOUT,PUNJAB,Tier 5,Tier 4,70765,17
TENKASI,TAMIL NADU,Tier 5,Tier 4,70545,188
RATNAGIRI,MAHARASHTRA,Tier 3,Tier 3,70383,1140
SIKANDRABAD,UTTAR PRADESH,Tier 5,Tier 4,69867,8
BASAVAKALYAN,KARNATAKA,Tier 6,Tier 4,69717,35
FARIDPUR,UTTAR PRADESH,Tier 6,Tier 4,69700,5
CHAIBASA,JHARKHAND,Tier 5,Tier 4,69565,167
CHIRMIRI,CHHATTISGARH,Tier 5,Tier 4,69307,3
METTUPALAYAM,TAMIL NADU,Tier 6,Tier 4,69213,248
BHAWANIPATNA,ORISSA,Tier 5,Tier 4,69045,3
PARADEEP,ORISSA,Tier 6,Tier 4,69000,6
PEBBAIR,#N/A,Tier 6,Tier 4,68690,22
KAYAMKULAM,KERALA,Tier 5,Tier 4,68634,132
DHARMAPURI,TAMIL NADU,Tier 6,Tier 4,68619,262
JAMKHANDI,KARNATAKA,Tier 6,Tier 4,68000,169
NABHA,PUNJAB,Tier 5,Tier 4,67972,44
KANKROLI,RAJASTHAN,Tier 6,Tier 4,67798,1
DHENKANAL,ORISSA,Tier 4,Tier 4,67414,155
ISLAMPUR,WEST BENGAL,Tier 6,Tier 4,67391,117
GOPALGANJ,BIHAR,Tier 3,Tier 3,67339,716
ARMOOR H O,ANDHRA PRADESH,Tier 6,Tier 4,67271,55
PALANI,TAMIL NADU,Tier 5,Tier 4,67231,75
MANNARGUDI,TAMIL NADU,Tier 6,Tier 4,66999,52
TARN TARAN,PUNJAB,Tier 5,Tier 4,66847,6
BARBIL,ORISSA,Tier 5,Tier 4,66540,459
CHITRAKOOT DHAM-KARWI,#N/A,Tier 6,Tier 4,66426,1231
MADHUBANI,BIHAR,Tier 2,Tier 2,66340,704
GOHANA,HARYANA,Tier 5,Tier 4,65708,338
PATTUKKOTTAI,TAMIL NADU,Tier 5,Tier 4,65533,54
SIRSI,UTTAR PRADESH,Tier 5,Tier 4,65335,1679
SIRCILLA,TELANGANA,Tier 5,Tier 4,65314,37
TAMLUK,WEST BENGAL,Tier 5,Tier 4,65306,410
KOPARGAON,MAHARASHTRA,Tier 6,Tier 4,65273,3
JAGRAON,PUNJAB,Tier 5,Tier 4,65240,36
GOBICHETTIPALAYM,#N/A,Tier 6,Tier 4,65238,74
ALIPURDUAR,WEST BENGAL,Tier 5,Tier 4,65232,874
ALIRAJPUR,MADHYA PRADESH,Tier 5,Tier 4,65232,53
SERCHHIP,MIZORAM,Tier 5,Tier 4,64875,21
CHOMU,RAJASTHAN,Tier 6,Tier 4,64617,283
TOHANA,HARYANA,Tier 5,Tier 4,63871,258
ARANI,TAMIL NADU,Tier 6,Tier 4,63671,67
CHIKBALLAPUR,#N/A,Tier 6,Tier 4,63652,475
DHUBRI,ASSAM,Tier 3,Tier 3,63388,361
VISNAGAR,GUJARAT,Tier 5,Tier 4,63073,9
CHENGALPATTU,TAMIL NADU,Tier 6,Tier 4,62579,2020
CHENGALPET,TAMIL NADU,Tier 6,Tier 4,62579,383
CHIDAMBARAM,TAMIL NADU,Tier 5,Tier 4,62153,105
NARWANA,HARYANA,Tier 5,Tier 4,62090,196
RAMANATHAPURAM,TAMIL NADU,Tier 4,Tier 4,62050,189
DABRA,MADHYA PRADESH,Tier 6,Tier 4,62000,1
RAMNAD,TAMIL NADU,Tier 6,Tier 4,62000,6
SAMASTIPUR,BIHAR,Tier 2,Tier 2,61998,236
SANGAMNER,MAHARASHTRA,Tier 5,Tier 4,61958,24
SIDDIPET,TELANGANA,Tier 5,Tier 4,61809,543
SURI,WEST BENGAL,Tier 5,Tier 4,61806,72
ATTUR,KERALA,Tier 6,Tier 4,61793,133
JHARGRAM,WEST BENGAL,Tier 5,Tier 4,61712,27
MAURANIPUR,UTTAR PRADESH,Tier 6,Tier 4,61449,2
SINDHNUR,KARNATAKA,Tier 5,Tier 4,61262,2
UDUMALAIPETTAI,TAMIL NADU,Tier 5,Tier 4,61133,70
UDUMALPET,TAMIL NADU,Tier 6,Tier 4,61133,67
UDAMELPET,TAMIL NADU,Tier 6,Tier 4,61133,4
WANAPARTHY,TELANGANA,Tier 5,Tier 4,60949,72
GUDUR,ANDHRA PRADESH,Tier 5,Tier 4,60625,204
MANDLA,MADHYA PRADESH,Tier 4,Tier 4,60542,63
NEDUMANGAD,KERALA,Tier 5,Tier 4,60161,116
MARTHANDAM,TAMIL NADU,Tier 6,Tier 4,60000,441
ITANAGAR,ARUNACHAL PRADESH,Tier 6,Tier 4,60000,258
MANDIDEEP,MADHYA PRADESH,Tier 5,Tier 4,59654,2
TIPTUR,KARNATAKA,Tier 5,Tier 4,59543,269
GOBICHETTIPALAYAM,TAMIL NADU,Tier 5,Tier 4,59523,149
NARSAPUR,TELANGANA,Tier 6,Tier 4,58770,4
NUZVID,ANDHRA PRADESH,Tier 5,Tier 4,58590,230
UNA,HIMACHAL PRADESH,Tier 5,Tier 4,58528,865
SHEOPUR,MADHYA PRADESH,Tier 4,Tier 4,58342,13
THIRUVARUR,TAMIL NADU,Tier 4,Tier 4,58301,116
TIRUVARUR,TAMIL NADU,Tier 6,Tier 4,58301,29
SIDHPUR,GUJARAT,Tier 5,Tier 4,58194,9
SURATGARH,RAJASTHAN,Tier 5,Tier 4,58119,13
KALLAKKURICHI,TAMIL NADU,Tier 6,Tier 4,58000,52
BILIMORA,GUJARAT,Tier 6,Tier 4,58000,10
SHAJAPUR,MADHYA PRADESH,Tier 4,Tier 4,57818,385
RAYAGADA,ORISSA,Tier 4,Tier 4,57759,197
LONAVALA,MAHARASHTRA,Tier 6,Tier 4,57698,48
SANKARANKOIL,TAMIL NADU,Tier 6,Tier 4,57277,52
POONAMALEE,TAMIL NADU,Tier 6,Tier 4,57224,1112
SANGAREDDY,TELANGANA,Tier 5,Tier 4,57113,902
UNJHA,GUJARAT,Tier 5,Tier 4,57108,5
LUNGLEI,MIZORAM,Tier 5,Tier 4,57011,24
RAJARAJESHWARINAGARA,KARNATAKA,Tier 6,Tier 4,57000,124
HOSKOTE,KARNATAKA,Tier 6,Tier 4,57000,6
JALAUN,UTTAR PRADESH,Tier 4,Tier 4,56909,486
KARIMGANJ,ASSAM,Tier 4,Tier 4,56854,34
KANNUR,MAMBA,Tier 3,Tier 3,56823,502
BOBBILI,ANDHRA PRADESH,Tier 5,Tier 4,56819,1
KALNA,WEST BENGAL,Tier 6,Tier 4,56722,42
TIRURANGADI,KERALA,Tier 6,Tier 4,56632,105
TALEGAON DABHADE,MAHARASHTRA,Tier 5,Tier 4,56435,16
SUNAM,PUNJAB,Tier 5,Tier 4,56251,10
TIRUVALLUR,TAMIL NADU,Tier 6,Tier 4,56074,937
THIRUVALLUR,TAMIL NADU,Tier 3,Tier 3,56074,354
PITHORAGARH,UTTARAKHAND,Tier 5,Tier 4,56044,287
DHARAPURAM,TAMIL NADU,Tier 6,Tier 4,56007,75
ROPAR,PUNJAB,Tier 6,Tier 3,56000,606
BELLAMPALLE,ANDHRA PRADESH,Tier 5,Tier 4,55841,1
VIRAMGAM,GUJARAT,Tier 5,Tier 4,55821,6
RAJSAMAND,RAJASTHAN,Tier 4,Tier 4,55687,499
YANAM,PONDICHERRY,Tier 6,Tier 4,55626,44
ABU ROAD,RAJASTHAN,Tier 6,Tier 4,55599,86
SIVASAGAR,ASSAM,Tier 6,Tier 4,55595,121
PANRUTI,TAMIL NADU,Tier 5,Tier 4,55346,18
DHURI,PUNJAB,Tier 5,Tier 4,55225,4
NAMAKKAL,TAMIL NADU,Tier 4,Tier 4,55145,640
CHIPLUN,MAHARASHTRA,Tier 6,Tier 4,55139,15
GAJRAULA,UTTAR PRADESH,Tier 6,Tier 4,55048,6
CHENGAM,TAMIL NADU,Tier 6,Tier 4,55000,13
KUNDRATHUR,TAMIL NADU,Tier 6,Tier 4,54956,396
RAMNAGAR,KARNATAKA,Tier 5,Tier 4,54787,28
SAHIBABAD,UTTAR PRADESH,Tier 6,Tier 4,54773,36
BARAMATI,MAHARASHTRA,Tier 6,Tier 4,54415,2241
SIDHI,MADHYA PRADESH,Tier 3,Tier 3,54331,230
KASARAGOD,KERALA,Tier 4,Tier 4,54172,133
MODASA,GUJARAT,Tier 5,Tier 4,54135,850
SUPAUL,BIHAR,Tier 3,Tier 3,54085,452
SIBSAGAR,ASSAM,Tier 4,Tier 4,53854,455
MANDI DABWALI,HARYANA,Tier 5,Tier 4,53811,115
OTTAPPALAM,KERALA,Tier 5,Tier 4,53792,104
DIDWANA,RAJASTHAN,Tier 6,Tier 4,53749,262
DHARAMSHALA,HIMACHAL PRADESH,Tier 6,Tier 4,53543,397
JAGGAYYAPET,ANDHRA PRADESH,Tier 6,Tier 4,53530,81
GOALPARA,ASSAM,Tier 4,Tier 4,53430,97
TUNI,ANDHRA PRADESH,Tier 5,Tier 4,53425,7
BHONGIR,TELANGANA,Tier 5,Tier 4,53339,42
AMALAPURAM,ANDHRA PRADESH,Tier 5,Tier 4,53231,301
FIROZPUR CANTT FC,#N/A,Tier 6,Tier 4,53199,43
VIKARABAD,TELANGANA,Tier 5,Tier 4,53143,85
DEOGARH,ORISSA,Tier 4,Tier 4,53000,35
THIRUVALLA,KERALA,Tier 5,Tier 4,52883,169
METTUR,TAMIL NADU,Tier 6,Tier 4,52813,69
METTUR DAM,TAMIL NADU,Tier 6,Tier 4,52813,28
PALGHAR,MAHARASHTRA,Tier 5,Tier 4,52677,339
JANGAON,TELANGANA,Tier 5,Tier 4,52394,95
BHEEMUNIPATNAM,ANDHRA PRADESH,Tier 5,Tier 4,52110,1
DAMAN AND DIU,UNION TERRITORY,Tier 6,Tier 4,52076,1571
DIU,DAMAN & DIU,Tier 6,Tier 4,52074,495
DANDELI,KARNATAKA,Tier 6,Tier 4,52069,45
PANNA,MADHYA PRADESH,Tier 4,Tier 4,52057,638
THODUPUZHA,KERALA,Tier 5,Tier 4,52045,131
DABHOI,GUJARAT,Tier 6,Tier 4,52000,13
KATHUA,JAMMU & KASHMIR,Tier 4,Tier 4,51991,299
DEVAKOTTAI,TAMIL NADU,Tier 6,Tier 4,51865,3
ARWAL,BIHAR,Tier 5,Tier 4,51849,29
IRINJALAKUDA,KERALA,Tier 6,Tier 4,51585,138
HUNSUR,KARNATAKA,Tier 6,Tier 4,50865,156
PHALTAN,MAHARASHTRA,Tier 5,Tier 4,50800,11
RANIPETTAI,TAMIL NADU,Tier 6,Tier 4,50764,497
FORBESGANJ,BIHAR,Tier 5,Tier 4,50475,1
BAGHPAT,UTTAR PRADESH,Tier 4,Tier 4,50310,655
BHABUA,BIHAR,Tier 5,Tier 4,50179,129
BHADRACHALAM,ANDHRA PRADESH,Tier 5,Tier 4,50087,30
KHAGARIA,BIHAR,Tier 4,Tier 4,50000,164
MANIPAL,KARNATAKA,Tier 6,Tier 4,50000,14
CHARKHI DADRI,HARYANA,Tier 6,Tier 4,49985,810
CHATRA,JHARKHAND,Tier 4,Tier 4,49985,186
TAWANG,ARUNACHAL PRADESH,Tier 6,Tier 4,49977,6
NOHAR,RAJASTHAN,Tier 6,Tier 4,49835,73
GUDALUR,TAMIL NADU,Tier 6,Tier 4,49535,18
CHALAKUDY,KERALA,Tier 6,Tier 4,49525,101
DAUND,MAHARASHTRA,Tier 6,Tier 4,49450,6
MACHERLA,ANDHRA PRADESH,Tier 6,Tier 4,49221,9
RUPNAGAR,PUNJAB,Tier 4,Tier 4,49159,84
JANGAREDDYGUDEM,ANDHRA PRADESH,Tier 6,Tier 4,48994,169
KODUVALLY,KERALA,Tier 6,Tier 4,48678,122
GOOTY,ANDHRA PRADESH,Tier 6,Tier 4,48658,6
PUTTUR,ANDHRA PRADESH,Tier 6,Tier 4,48070,351
CHANGANASSERY,KERALA,Tier 6,Tier 4,47685,133
MANDAPETA,ANDHRA PRADESH,Tier 6,Tier 4,47638,101
DUMKA,JHARKHAND,Tier 3,Tier 3,47584,667
CHANGANACHERRY,KERALA,Tier 6,Tier 4,47485,174
PUNALUR,KERALA,Tier 6,Tier 4,47235,235
KENDRAPARA,ORISSA,Tier 4,Tier 4,47006,59
VUYYURU,#N/A,Tier 6,Tier 4,46689,132
SAMANA,PUNJAB,Tier 6,Tier 4,46592,4
NILAMBUR,KERALA,Tier 6,Tier 4,46366,39
RASIPURAM,TAMIL NADU,Tier 6,Tier 4,46330,64
GARHWA,JHARKHAND,Tier 4,Tier 4,46059,129
NAWANSHAHAR,PUNJAB,Tier 6,Tier 4,46024,149
NAWANSHAHR,PUNJAB,Tier 4,Tier 4,46024,213
THOUBAL,MANIPUR,Tier 5,Tier 4,45947,10
CHERTHALA,KERALA,Tier 6,Tier 4,45827,172
FAROOQNAGAR,ANDHRA PRADESH,Tier 6,Tier 4,45675,9
COONOOR,TAMIL NADU,Tier 6,Tier 4,45494,5
CHAMPA,CHHATTISGARH,Tier 6,Tier 4,45256,180
MADHEPURA,BIHAR,Tier 3,Tier 3,45031,144
SUNDERGARH,ORISSA,Tier 6,Tier 4,45000,223
ANUGUL,ORISSA,Tier 4,Tier 4,45000,67
KAWARDHA,CHHATTISGARH,Tier 4,Tier 4,45000,92
BAVLA,GUJARAT,Tier 6,Tier 4,45000,474
PHALODI,RAJASTHAN,Tier 6,Tier 4,44868,94
PERINTHALMANNA,KERALA,Tier 6,Tier 2,44612,220
ANGUL,ORISSA,Tier 6,Tier 4,44390,1894
NANDIGAMA,ANDHRA PRADESH,Tier 6,Tier 4,44359,142
WANKANER,GUJARAT,Tier 6,Tier 4,43881,19
SILLOD,MAHARASHTRA,Tier 6,Tier 4,43867,2
ADDANKI H O,ANDHRA PRADESH,Tier 6,Tier 4,43850,11
PARAVUR,KERALA,Tier 6,Tier 4,43739,17
NORTH SIKKIM,SIKKIM,Tier 6,Tier 4,43354,7
AKIVIDU,ANDHRA PRADESH,Tier 6,Tier 4,43181,1
SHEIKHPURA,BIHAR,Tier 4,Tier 4,43113,36
PARLAKHEMUNDI,ORISSA,Tier 6,Tier 4,43097,8
GADARWARA,MADHYA PRADESH,Tier 6,Tier 4,43000,17
KALIMPONG,WEST BENGAL,Tier 6,Tier 4,42998,104
BARPETA,ASSAM,Tier 3,Tier 3,42649,169
MUDHOL,KARNATAKA,Tier 6,Tier 4,42461,1
PERIYAKULAM,TAMIL NADU,Tier 6,Tier 4,42012,23
HALOL,GUJARAT,Tier 6,Tier 4,42000,25
GOLAGHAT,ASSAM,Tier 4,Tier 4,41989,413
MEDAK,TELANGANA,Tier 3,Tier 3,41945,1177
RAJAURI,JAMMU & KASHMIR,Tier 5,Tier 4,41552,487
NAINITAL,UTTARANCHAL,Tier 4,Tier 4,41377,669
RAMACHANDRAPURAM,ANDHRA PRADESH,Tier 6,Tier 4,41370,20
NANGAL,PUNJAB,Tier 6,Tier 4,41172,31
POONCH,JAMMU & KASHMIR,Tier 6,Tier 4,40987,158
ARANTHANGI,TAMIL NADU,Tier 6,Tier 4,40814,18
MANAPPARAI,TAMIL NADU,Tier 6,Tier 4,40510,27
MAPUSA,GOA,Tier 6,Tier 4,40487,5807
SIVAGANGAI,TAMIL NADU,Tier 6,Tier 4,40403,210
BHALKI,KARNATAKA,Tier 6,Tier 4,40333,49
SIVAGANGA,TAMIL NADU,Tier 4,Tier 4,40220,29
PANJIM,GOA,Tier 6,Tier 4,40017,1389
PANAJI,GOA,Tier 6,Tier 4,40017,2778
BUCHCHIREDDI PALEM,ANDHRA PRADESH,Tier 6,Tier 4,40000,4
KOVVUR,ANDHRA PRADESH,Tier 6,Tier 4,39667,141
BHAVANI,TAMIL NADU,Tier 6,Tier 4,39225,100
PADRA,GUJARAT,Tier 6,Tier 4,39205,4
DWARKA,GUJARAT,Tier 6,Tier 4,39000,827
BETHAMCHERIA,ANDHRA PRADESH,Tier 6,Tier 4,38994,181
PARAVOOR,KERALA,Tier 6,Tier 4,38652,12
SUNDARGARH,ORISSA,Tier 3,Tier 3,38421,292
CHIKODI,KARNATAKA,Tier 6,Tier 4,38307,191
PATHANAMTHITTA,KERALA,Tier 4,Tier 4,38009,324
AGAR MALWA,MADHYA PRADESH,Tier 6,Tier 4,38000,297
TARAPUR,GUJARAT,Tier 6,Tier 4,38000,5
WADI,KARNATAKA,Tier 6,Tier 4,37988,106
PERAMBALUR,TAMIL NADU,Tier 5,Tier 4,37631,104
ZUNHEBOTO,NAGALAND,Tier 5,Tier 4,37447,4
ATTINGAL,KERALA,Tier 6,Tier 4,37346,267
NELAMANGALA,KARNATAKA,Tier 6,Tier 4,37232,240
NAKODAR,PUNJAB,Tier 6,Tier 4,36973,8
LUNAWADA,GUJARAT,Tier 6,Tier 4,36954,323
MURSHIDABAD,WEST BENGAL,Tier 1,Tier 3,36947,3034
MAHE,PONDICHERRY,Tier 6,Tier 4,36828,215
TUENSANG,NAGALAND,Tier 5,Tier 4,36774,4
ZIRA,PUNJAB,Tier 6,Tier 4,36732,31
SONEBHADRA,UTTAR PRADESH,Tier 6,Tier 4,36689,916
HOJAI,ASSAM,Tier 6,Tier 4,36544,2
KODAIKANAL,TAMIL NADU,Tier 6,Tier 4,36501,3
RAISEN,MADHYA PRADESH,Tier 4,Tier 4,35702,109
AMBASAMUDRAM,TAMIL NADU,Tier 6,Tier 4,35645,28
SIROHI,RAJASTHAN,Tier 4,Tier 4,35544,523
UDHAMPUR,JAMMU & KASHMIR,Tier 4,Tier 4,35507,693
PRATAPGARH,TRIPURA,Tier 3,Tier 3,35422,1014
UPPER SIANG,ARUNACHAL PRADESH,Tier 6,Tier 4,35320,3
WOKHA,NAGALAND,Tier 5,Tier 4,35004,15
DALHOUSIE,HIMACHAL PRADESH,Tier 6,Tier 4,35000,41
MEDCHAL,TELANGANA,Tier 6,Tier 4,35000,4646
ROHRU,HIMACHAL PRADESH,Tier 6,Tier 4,35000,799
BICHOLIM B,#N/A,Tier 6,Tier 4,35000,2109
RAMPUR BUSHAR,#N/A,Tier 6,Tier 4,35000,685
NALAGARH,HIMACHAL PRADESH,Tier 6,Tier 4,35000,1968
KAZHAKUTTAM,#N/A,Tier 6,Tier 4,35000,263
MATTANCHERRY,#N/A,Tier 6,Tier 4,35000,177
AKLUJ,MAHARASHTRA,Tier 6,Tier 4,35000,522
HATHIN,HARYANA,Tier 6,Tier 4,35000,310
SULLURPET,#N/A,Tier 6,Tier 4,35000,94
KALKA,HARYANA,Tier 6,Tier 4,35000,363
CSM NAGAR,#N/A,Tier 6,Tier 4,35000,3
SAKALESHAPUR,#N/A,Tier 6,Tier 4,35000,131
PARWANOO,HIMACHAL PRADESH,Tier 6,Tier 4,35000,281
PIDUGURALLA,#N/A,Tier 6,Tier 4,35000,72
MANALI,HIMACHAL PRADESH,Tier 6,Tier 4,35000,83
KOTPUTLI,RAJASTHAN,Tier 6,Tier 4,35000,327
RAVULAPALEM,#N/A,Tier 6,Tier 4,35000,129
PINJORE,HARYANA,Tier 6,Tier 4,35000,12
NIGRI,MAHARASHTRA,Tier 6,Tier 4,35000,33
ASSANDH,HARYANA,Tier 6,Tier 4,35000,136
BORARA,#N/A,Tier 6,Tier 4,35000,88
CHURAH,#N/A,Tier 6,Tier 4,35000,37
BADDI,HIMACHAL PRADESH,Tier 6,Tier 4,35000,266
GHUMARWIN,HIMACHAL PRADESH,Tier 6,Tier 4,35000,136
NIHAL SINGH WALA,#N/A,Tier 6,Tier 4,35000,4
BARSAR,HIMACHAL PRADESH,Tier 6,Tier 4,35000,98
AMB,HIMACHAL PRADESH,Tier 6,Tier 4,35000,115
PATAUDI,HARYANA,Tier 6,Tier 4,35000,776
THEOG,HIMACHAL PRADESH,Tier 6,Tier 4,35000,247
JUNNAR,MAHARASHTRA,Tier 6,Tier 4,35000,8
CHAUPAL,HIMACHAL PRADESH,Tier 6,Tier 4,35000,92
MADKERI,#N/A,Tier 6,Tier 4,35000,62
SONAPUR,WEST BENGAL,Tier 4,Tier 4,35000,70
NURPUR,HIMACHAL PRADESH,Tier 6,Tier 4,35000,273
RUDRA PRAYAG,UTTARANCHAL,Tier 6,Tier 4,35000,100
FEROZEPUR JHIRKA,HARYANA,Tier 6,Tier 4,35000,186
BAWAL,HARYANA,Tier 6,Tier 4,35000,289
KOSLI,#N/A,Tier 6,Tier 4,35000,271
PANTNAGAR,UTTARANCHAL,Tier 6,Tier 4,35000,12
GOREGAON,MAHARASHTRA,Tier 6,Tier 4,35000,44
DIAMOND HARBOUR,WEST BENGAL,Tier 6,Tier 4,35000,67
KHADOOR SAHIB,#N/A,Tier 6,Tier 4,35000,14
ALIBAG,MAHARASHTRA,Tier 6,Tier 4,35000,42
THIRUTHANI,#N/A,Tier 6,Tier 4,35000,14
UZHAVOOR,#N/A,Tier 6,Tier 4,35000,53
BIJAINAGAR,RAJASTHAN,Tier 6,Tier 4,35000,1
MAHAM,HARYANA,Tier 6,Tier 4,35000,28
SIWANI,HARYANA,Tier 6,Tier 4,35000,96
MOHINDARGARH,HARYANA,Tier 6,Tier 4,35000,233
GANAUR,HARYANA,Tier 6,Tier 4,35000,323
UPPAL,#N/A,Tier 6,Tier 4,35000,962
LOHARU,HARYANA,Tier 6,Tier 4,35000,190
KAILASHAR,#N/A,Tier 6,Tier 4,35000,75
NARAINGARH,HARYANA,Tier 6,Tier 4,35000,223
RAHATA,MAHARASHTRA,Tier 6,Tier 4,35000,4
BELAPUR,MAHARASHTRA,Tier 6,Tier 4,35000,22
KALPA,#N/A,Tier 6,Tier 4,35000,63
KANKAVLI,MAHARASHTRA,Tier 6,Tier 4,35000,2
RAJGURUNAGAR KHED,#N/A,Tier 6,Tier 4,35000,12
TOSHAM,HARYANA,Tier 6,Tier 4,35000,102
TALCHAR,#N/A,Tier 6,Tier 4,35000,55
MANANTHAVADY,#N/A,Tier 6,Tier 4,35000,16
INDAPUR,MAHARASHTRA,Tier 6,Tier 4,35000,12
KEYLONG,HIMACHAL PRADESH,Tier 6,Tier 4,35000,15
GHARAUNDA,HARYANA,Tier 6,Tier 4,35000,60
BADURIA,WEST BENGAL,Tier 6,Tier 4,35000,6
SANTIRBAZAR,#N/A,Tier 6,Tier 4,35000,30
UDUMBANCHOLA,#N/A,Tier 6,Tier 4,35000,11
NILOKHERI,HARYANA,Tier 6,Tier 4,35000,3
AMBASSA,TRIPURA,Tier 6,Tier 4,35000,6
SURAJGARH,RAJASTHAN,Tier 6,Tier 4,35000,6
TOBHAMA,#N/A,Tier 6,Tier 4,35000,5
HAMIRPUR-U P,#N/A,Tier 6,Tier 4,35000,53
SINGTAM,SIKKIM,Tier 6,Tier 4,35000,2
JHALRA PATAN,RAJASTHAN,Tier 6,Tier 4,35000,3
KHARDA,WEST BENGAL,Tier 6,Tier 4,35000,1
KATOL,MAHARASHTRA,Tier 6,Tier 4,35000,5
ROHA,MAHARASHTRA,Tier 6,Tier 4,35000,1
CHANCHAL,#N/A,Tier 6,Tier 4,35000,25
BHANGAR RAGHUNATHPUR,WEST BENGAL,Tier 6,Tier 4,35000,1
DHARIAWAD,RAJASTHAN,Tier 6,Tier 4,35000,1
RAJPIPLA,GUJARAT,Tier 6,Tier 4,34923,62
RAWATBHATA,RAJASTHAN,Tier 6,Tier 4,34690,5
RAHURI,MAHARASHTRA,Tier 6,Tier 4,34476,2
PATTI,PUNJAB,Tier 6,Tier 4,34444,18
SOLAN,HIMACHAL PRADESH,Tier 5,Tier 4,34206,2863
KOKRAJHAR,ASSAM,Tier 4,Tier 4,34202,157
VAPI,GUJARAT,Tier 6,Tier 4,34162,386
ALMORA,UTTARANCHAL,Tier 4,Tier 4,34122,215
SIMDEGA,JHARKHAND,Tier 6,Tier 4,33981,50
KODUNGALLUR,KERALA,Tier 6,Tier 4,33935,65
PHULABANI,ORISSA,Tier 6,Tier 4,33890,43
SATHYAMANGALAM,TAMIL NADU,Tier 6,Tier 4,33722,54
HAILAKANDI,ASSAM,Tier 4,Tier 4,33671,18
PILIBANGA,RAJASTHAN,Tier 6,Tier 4,33608,7
PEHOWA,HARYANA,Tier 6,Tier 4,33564,291
UMARIA,MADHYA PRADESH,Tier 4,Tier 4,33114,205
BATLAGUNDU,TAMIL NADU,Tier 6,Tier 4,33000,19
FAIZABAD,UTTAR PRADESH,Tier 3,Tier 3,32905,1902
ELLENABAD,HARYANA,Tier 6,Tier 4,32795,179
MADIKERI,KARNATAKA,Tier 6,Tier 4,32496,532
SANAND,GUJARAT,Tier 6,Tier 4,32417,39
SIRKALI,TAMIL NADU,Tier 6,Tier 4,32228,14
TIRUCHENDUR,TAMIL NADU,Tier 6,Tier 4,32171,91
KANGEYAM,TAMIL NADU,Tier 6,Tier 4,32147,31
LAHUL AND SPITI,HIMACHAL PRADESH,Tier 6,Tier 4,32100,47
PARASSALA,KERALA,Tier 6,Tier 4,32082,52
KARUNAGAPALLY,KERALA,Tier 6,Tier 4,32082,169
NORTH PARAVOOR,KERALA,Tier 6,Tier 4,32082,110
MAVELIKARA,KERALA,Tier 6,Tier 4,32082,68
PONKUNNAM,KERALA,Tier 6,Tier 4,32082,15
ANGAMALY,KERALA,Tier 6,Tier 4,32082,71
GURUVAYUR,KERALA,Tier 6,Tier 4,32082,108
KANJIRAPALLY,KERALA,Tier 6,Tier 4,32082,78
KUNNATHUR,KERALA,Tier 6,Tier 4,32082,23
VANDIPERIYAR,KERALA,Tier 6,Tier 4,32082,42
RANNI,KERALA,Tier 6,Tier 4,32082,64
KOTTARKARA,KERALA,Tier 6,Tier 4,32082,23
KOVURPALLE,ANDHRA PRADESH,Tier 6,Tier 4,32082,3
KANJIKKUZHI,KERALA,Tier 6,Tier 4,32082,1
VADAKKANCHERY,KERALA,Tier 6,Tier 4,32082,2
SATTUPALLI,ANDHRA PRADESH,Tier 6,Tier 4,31857,36
SINNAR,MAHARASHTRA,Tier 6,Tier 4,31630,3
MUNGELI,CHHATTISGARH,Tier 6,Tier 4,31613,41
PATTAMBI,KERALA,Tier 6,Tier 4,31416,125
ALATHUR,KERALA,Tier 6,Tier 4,31416,72
WAYANAD,KERALA,Tier 4,Tier 4,31416,129
WADAKKANCHERRY,KERALA,Tier 6,Tier 4,31416,115
KAKKANNAD,KERALA,Tier 6,Tier 4,31416,57
CHEMMUMIAHPET,ANDHRA PRADESH,Tier 6,Tier 4,31416,14
VANDAVASI,TAMIL NADU,Tier 6,Tier 4,31320,4
MOKOKCHUNG,NAGALAND,Tier 5,Tier 4,31214,20
SAGWARA,RAJASTHAN,Tier 6,Tier 4,31127,1
RAMGANJ MANDI,RAJASTHAN,Tier 6,Tier 4,30973,116
MADURANTHAKAM,TAMIL NADU,Tier 6,Tier 4,30796,94
DHARMANAGAR,TRIPURA,Tier 6,Tier 4,30785,63
GADDI ANNARAM,ANDHRA PRADESH,Tier 6,Tier 4,30422,1
CHIMAKURTHY,ANDHRA PRADESH,Tier 6,Tier 4,30279,3
PEN,MAHARASHTRA,Tier 6,Tier 4,30201,6804
PALLADAM,TAMIL NADU,Tier 6,Tier 4,30016,1
SANKARI,TAMIL NADU,Tier 6,Tier 4,30000,62
VALLIYUR,TAMIL NADU,Tier 6,Tier 4,30000,74
JASHPUR NAGAR,CHHATTISGARH,Tier 6,Tier 4,30000,41
DHANDHUKA,GUJARAT,Tier 6,Tier 4,30000,5
KARELI,MADHYA PRADESH,Tier 6,Tier 4,30000,2
SITARGANJ,UTTARAKHAND,Tier 6,Tier 4,29965,4
NABARANGAPUR,ORISSA,Tier 4,Tier 4,29960,198
SAMALKHA,HARYANA,Tier 6,Tier 4,29866,312
KOTTARAKARA,KERALA,Tier 6,Tier 4,29788,216
MUVATTUPUZHA,KERALA,Tier 6,Tier 4,29246,203
MORIGAON,ASSAM,Tier 6,Tier 4,29182,34
ADOOR,KERALA,Tier 6,Tier 4,29171,175
UTHAMAPALAYAM,TAMIL NADU,Tier 6,Tier 4,29050,56
ARIYALUR,TAMIL NADU,Tier 4,Tier 4,28902,85
NAHAN,HIMACHAL PRADESH,Tier 6,Tier 4,28899,985
LADWA,HARYANA,Tier 6,Tier 4,28887,12
MAVELIKKARA,KERALA,Tier 6,Tier 4,28439,131
SHAHPURA,MADHYA PRADESH,Tier 6,Tier 4,28174,325
NALBARI,ASSAM,Tier 4,Tier 4,27839,84
CHAMBA,HIMACHAL PRADESH,Tier 5,Tier 4,27771,606
SANKAGIRI,TAMIL NADU,Tier 6,Tier 4,27454,39
NOKHA,RAJASTHAN,Tier 5,Tier 4,27302,59
CHHOTA UDAIPUR,GUJARAT,Tier 6,Tier 4,27000,188
SENKOTTAI,TAMIL NADU,Tier 6,Tier 4,27000,1
SHIRUR,MAHARASHTRA,Tier 6,Tier 4,26999,14
NAGARKURNOOL,TELANGANA,Tier 6,Tier 4,26801,56
KODAD,ANDHRA PRADESH,Tier 6,Tier 4,26742,36
RUDRAPUR,UTTARANCHAL,Tier 6,Tier 4,26683,268
PERUMBAVOOR,KERALA,Tier 6,Tier 4,26547,271
SHRIGONDA,MAHARASHTRA,Tier 6,Tier 4,26324,3
MADHUGIRI,KARNATAKA,Tier 6,Tier 4,26304,117
MAHRAJGANJ,UTTAR PRADESH,Tier 6,Tier 4,26272,517
TIRUPATHUR,TAMIL NADU,Tier 5,Tier 4,25980,74
CHOUTUPPAL,ANDHRA PRADESH,Tier 6,Tier 4,25630,54
VIJAPUR,GUJARAT,Tier 6,Tier 4,25558,3
BAJPUR,UTTARANCHAL,Tier 6,Tier 4,25524,3
PAURI,UTTARANCHAL,Tier 6,Tier 4,25440,262
PAONTA SAHIB,HIMACHAL PRADESH,Tier 6,Tier 4,25000,1462
KODARMA,JHARKHAND,Tier 5,Tier 4,25000,469
BASSI PATHANA,PUNJAB,Tier 6,Tier 4,25000,26
HARUR,TAMIL NADU,Tier 6,Tier 4,25000,36
SULTANPUR LODHI,PUNJAB,Tier 6,Tier 4,25000,17
AMLOH,PUNJAB,Tier 6,Tier 4,25000,63
DERA BABA NANAK,PUNJAB,Tier 6,Tier 4,25000,4
SHAHKOT,PUNJAB,Tier 6,Tier 4,25000,10
BALACHAUR,PUNJAB,Tier 6,Tier 4,25000,28
AHMEDGARH,PUNJAB,Tier 2,Tier 2,25000,10
ANANDPUR SAHIB,PUNJAB,Tier 6,Tier 4,25000,56
JAITU,PUNJAB,Tier 6,Tier 4,25000,3
DERABASSI,PUNJAB,Tier 6,Tier 4,25000,78
SAMRALA,PUNJAB,Tier 6,Tier 4,25000,20
FATHEGAR CHURIYA,PUNJAB,Tier 6,Tier 4,25000,7
SARDULGARH,PUNJAB,Tier 6,Tier 4,25000,2
KURALI,PUNJAB,Tier 6,Tier 4,25000,3
KHAMANON,PUNJAB,Tier 6,Tier 4,25000,6
MOONAK,PUNJAB,Tier 6,Tier 4,25000,3
AJNALA,PUNJAB,Tier 6,Tier 4,25000,4
ARUMUGANERI,TAMIL NADU,Tier 6,Tier 4,25000,3
PATRAN,PUNJAB,Tier 6,Tier 4,25000,5
BHULATH,PUNJAB,Tier 6,Tier 4,25000,7
PAYAL,PUNJAB,Tier 6,Tier 4,25000,8
BAGHA PURANA,PUNJAB,Tier 6,Tier 4,25000,12
TALWANDI SABO,PUNJAB,Tier 6,Tier 4,25000,4
DHARIWAL,PUNJAB,Tier 6,Tier 4,25000,1
RAIKOT,PUNJAB,Tier 6,Tier 4,24769,12
MEENAMBAKKAM,TAMIL NADU,Tier 6,Tier 4,24334,2156
MAHENDRAGARH,HARYANA,Tier 4,Tier 4,24323,1080
MAHAD,MAHARASHTRA,Tier 6,Tier 4,24276,39
LOHARDAGA,JHARKHAND,Tier 5,Tier 4,24125,144
ALUVA,KERALA,Tier 6,Tier 4,24110,281
TEHRI,UTTARANCHAL,Tier 6,Tier 4,24014,223
DEVANHALLI,KARNATAKA,Tier 6,Tier 4,24000,305
RAJGARH,MADHYA PRADESH,Tier 4,Tier 4,23937,230
RATIA,HARYANA,Tier 6,Tier 4,23826,94
VIDHYANAGAR,GUJARAT,Tier 6,Tier 4,23783,8
CHENGANNUR,KERALA,Tier 6,Tier 4,23456,91
RAJAM,ANDHRA PRADESH,Tier 6,Tier 4,23424,2
PALAMPUR,HIMACHAL PRADESH,Tier 6,Tier 4,23331,329
VAIKOM,KERALA,Tier 6,Tier 4,23234,88
MALKANGIRI,ORISSA,Tier 5,Tier 4,23114,84
ASIFABAD,ANDHRA PRADESH,Tier 6,Tier 4,23059,7
CHANDAULI,UTTAR PRADESH,Tier 3,Tier 3,23020,260
PONDA,GOA,Tier 6,Tier 4,23000,2457
CHHATRAPUR,ORISSA,Tier 6,Tier 4,23000,39
PALAI,KERALA,Tier 6,Tier 4,22640,207
PHILLAUR,PUNJAB,Tier 6,Tier 4,22302,27
ANKOLA,KARNATAKA,Tier 6,Tier 4,22249,9
KUSHINAGAR,UTTAR PRADESH,Tier 3,Tier 3,22214,902
PASIGHAT,ARUNACHAL PRADESH,Tier 6,Tier 4,21965,22
RAGHUNATHPUR,BIHAR,Tier 6,Tier 4,21932,182
CHAMOLI GOPESHWAR,UTTARANCHAL,Tier 6,Tier 4,21447,6
MUKERIAN,PUNJAB,Tier 6,Tier 4,21384,57
CHANNAGIRI,KARNATAKA,Tier 6,Tier 4,21313,3
SHEOHAR,BIHAR,Tier 4,Tier 4,21262,52
BOUDH,ORISSA,Tier 6,Tier 4,21000,47
ALANGULAM,TAMIL NADU,Tier 6,Tier 4,21000,1
MAHARAJGANJ,BIHAR,Tier 3,Tier 3,20860,244
MARIGAON,ASSAM,Tier 4,Tier 4,20811,22
PINDWARA,RAJASTHAN,Tier 6,Tier 4,20765,6
GURUVAYOOR,KERALA,Tier 6,Tier 4,20510,59
HONAVAR,KARNATAKA,Tier 6,Tier 4,20000,158
MUNDRA,GUJARAT,Tier 6,Tier 4,20000,33
ULUNDURPETTAI,TAMIL NADU,Tier 6,Tier 4,20000,34
KALPAKKAM,TAMIL NADU,Tier 6,Tier 4,20000,2
DHARAMPUR,GUJARAT,Tier 3,Tier 3,20000,4
BISWANATH CHARIALI,ASSAM,Tier 6,Tier 4,20000,3
KAMREJ,GUJARAT,Tier 6,Tier 4,20000,6
BADI,MADHYA PRADESH,Tier 6,Tier 4,19670,2
BOLLARAM,ANDHRA PRADESH,Tier 6,Tier 4,19385,1
SEPPA,ARUNACHAL PRADESH,Tier 6,Tier 4,19000,3
TEZU,ARUNACHAL PRADESH,Tier 6,Tier 4,19000,14
KHARKHODA,UTTAR PRADESH,Tier 6,Tier 4,18758,198
KHOWAI,TRIPURA,Tier 6,Tier 4,18526,25
AKKAYAPALLE,ANDHRA PRADESH,Tier 6,Tier 4,18247,2
CHANDIKHOL,ORISSA,Tier 6,Tier 4,18000,311
AMBAJI,GUJARAT,Tier 6,Tier 4,18000,2
NAGAMANGALA,KARNATAKA,Tier 6,Tier 4,17776,79
TANAKPUR,UTTARANCHAL,Tier 6,Tier 4,17626,27
UTTARKASHI,UTTARAKHAND,Tier 5,Tier 4,17475,163
KUDAL,GOA,Tier 6,Tier 4,17000,10
PERUNDURAI,TAMIL NADU,Tier 6,Tier 4,16973,145
JOSHIMATH,UTTARANCHAL,Tier 6,Tier 4,16709,5
IBRAHIMPATNAM,ANDHRA PRADESH,Tier 6,Tier 4,16338,3497
UDALGURI,ASSAM,Tier 6,Tier 4,15217,14
QUEPEM,GOA,Tier 6,Tier 4,15000,1195
SOUTH QUEPEM,GOA,Tier 6,Tier 4,15000,74
SATHANKULAM,TAMIL NADU,Tier 6,Tier 4,15000,2
AHMEDABAD CANTONMENT,GUJARAT,Tier 1,Tier 1,14713,419
NONGPOH,MEGHALAYA,Tier 6,Tier 4,14000,53
BAGHMARA,MEGHALAYA,Tier 6,Tier 4,14000,4
VIKASNAGAR,UTTARANCHAL,Tier 6,Tier 4,13927,12
AMETHI,UTTAR PRADESH,Tier 6,Tier 4,13530,335
ZIRO,ARUNACHAL PRADESH,Tier 6,Tier 4,13000,2
DHEMAJI,ASSAM,Tier 4,Tier 4,12816,86
GYANPUR,UTTAR PRADESH,Tier 6,Tier 4,12808,1
PALACOLE,ANDHRA PRADESH,Tier 6,Tier 4,12640,98
CANACONA,GOA,Tier 6,Tier 4,12000,209
BANDARULANKA,ANDHRA PRADESH,Tier 6,Tier 4,11470,1
BODELI,GUJARAT,Tier 6,Tier 4,11000,14
LAKHIPUR,ASSAM,Tier 6,Tier 4,10943,51
CHHAWLA,DELHI,Tier 6,Tier 1,10000,1
SULTANPUR,UTTARANCHAL,Tier 2,Tier 2,9881,2303
BAGESHWAR,UTTARAKHAND,Tier 5,Tier 4,9079,120
ALWARTHIRUNAGIRI,TAMIL NADU,Tier 6,Tier 4,8876,6
MANKAPUR,UTTAR PRADESH,Tier 6,Tier 4,8865,1
DIBANG VALLEY,ARUNACHAL PRADESH,Tier 5,Tier 4,8004,11
DOMMARA NANDYAL,ANDHRA PRADESH,Tier 6,Tier 4,7678,6
LALKUAN,UTTARAKHAND,Tier 6,Tier 4,7644,1
EKAMBARA KUPPAM,ANDHRA PRADESH,Tier 6,Tier 4,6797,5
KHARSAWAN,JHARKHAND,Tier 6,Tier 4,6789,12
BOMDILA,ARUNACHAL PRADESH,Tier 6,Tier 4,6600,15
ALIPORE H O,WEST BENGAL,Tier 6,Tier 4,5937,1846
CHINTALAVALASA,ANDHRA PRADESH,Tier 6,Tier 4,5921,2
KRISHNA,KARNATAKA,Tier 2,Tier 2,5500,203
PERNEM,GOA,Tier 6,Tier 4,5000,541
DEHRA,#N/A,Tier 6,Tier 4,5000,186
,#N/A,Tier 6,Tier 4,5000,#N/A
CHAMPAWAT,UTTARANCHAL,Tier 5,Tier 4,4801,67
SARKHEJ,GUJARAT,Tier 6,Tier 4,2765,2
GOA VELHA,GOA,Tier 6,Tier 4,2550,15
CHANDMARI,NAGALAND,Tier 6,Tier 4,2000,1
